artikelnummer,max,pallid
04191-750-34-36,1.0,4172899
04191-750-36-34,1.0,4172850
04191-750-36-36,1.0,4172897
04191-750-38-32,1.0,4172856
04191-750-38-34,1.0,4172885
04191-750-38-36,2.0,3997324
04191-750-40-32,1.0,4172878
04191-750-44-32,1.0,4172846
04191-750-44-34,1.0,4172901
04192-750-25-30,1.0,4172832
04192-750-26-30,1.0,4172872
04192-750-29-30,1.0,4172824
04192-750-31-34,1.0,4172840
04192-750-32-30,1.0,4172837
04192-750-33-34,1.0,4172842
04192-750-35-30,1.0,4172863
100,1.0,4276557
1000000,1.0,2262315
100002,1.0,3972070
100003,1.0,2914854
100004,1.0,2914863
100405,76.0,4299777
10044-019-S,32.0,2621662
10044-389-L,32.0,3244284
10044-389-S,21.0,3244132
10045-019-L,32.0,3244294
10046-019-L,48.0,4039637
10046-019-S,48.0,4039639
10046-389-L,48.0,3244037
10046-389-S,48.0,2955423
10048-016-L,32.0,4289397
10048-016-M,32.0,4289399
10048-016-S,32.0,4289393
10048-019-L,32.0,4039716
10048-019-S,32.0,4039727
10051-019-L,24.0,3163059
10051-019-S,24.0,3163127
10051-389-L,24.0,2658565
10051-389-M,24.0,2658530
10051-389-S,336.0,2621633
10053-019-L,96.0,3163441
10053-019-M,96.0,3162194
10053-019-S,96.0,2652187
10053-389-L,96.0,2652183
10053-389-M,96.0,2712809
10053-389-S,96.0,2712808
1010,1.0,4134871
1102715,1.0,4002807
1102716,1.0,3955019
112668,216.0,4310222
112671,120.0,4154460
114913,4.0,1862451
115759,5.0,1868388
117748,4.0,1862464
120648,8.0,1870238
120730,6.0,1868281
12153-019-4-R,2.0,999123709
12221-067-7.5-R,6.0,2160174
12221-092-6-R,1.0,999123708
122883,1.0,1869791
12309-067-6.5-R,4.0,1936561
12309-067-8-R,1.0,3893733
123130,6.0,1870206
12338-106-12-R,6.0,3046626
12338-106-13-R,6.0,3850486
12380-019-7.5-R,5.0,2664253
12387-019-5-R,1.0,999123753
12391-019-14-R,3.0,3231875
12391-019-5-R,6.0,999123814
12391-019-6-R,3.0,1798237
12391-019-6.5-R,3.0,1798193
12391ABR-019-7-R,1.0,999123786
12391ISO-019-15-R,4.0,999123800
12391ISOABR-019-10-R,3.0,3416640
12391ISOABR-019-10.5-R,3.0,2830798
12391ISOABR-019-11-R,3.0,2831018
12391ISOABR-019-11.5-R,3.0,2830742
12391ISOABR-019-12-R,3.0,2830853
12391ISOABR-019-13-R,3.0,3416837
12391ISOABR-019-14-R,3.0,3416548
12391ISOABR-019-15-R,3.0,2511182
12391ISOABR-019-4-R,3.0,2831047
12391ISOABR-019-5-R,3.0,2104998
12391ISOABR-019-6-R,3.0,3416778
12391ISOABR-019-6.5-R,3.0,3416426
12391ISOABR-019-7-R,3.0,3416111
12391ISOABR-019-7.5-R,3.0,2830730
12391ISOABR-019-8-R,3.0,2830784
12391ISOABR-019-8.5-R,3.0,2830368
12391ISOABR-019-9-R,3.0,2830829
12391ISOABR-019-9.5-R,3.0,2830658
12392-019-6-R,3.0,3975862
12392ABR-019-10-R,54.0,2473901
12392ABR-019-10.5-R,48.0,3730411
12392ABR-019-11-R,54.0,2473928
12392ABR-019-11.5-R,6.0,2474516
12392ABR-019-12-R,54.0,2474423
12392ABR-019-13-R,6.0,2438265
12392ABR-019-14-R,6.0,2474671
12392ABR-019-15-R,4.0,3712413
12392ABR-019-4-R,6.0,2438069
12392ABR-019-5-R,6.0,2474652
12392ABR-019-6-R,6.0,2474519
12392ABR-019-6.5-R,6.0,2474587
12392ABR-019-7-R,54.0,2474402
12392ABR-019-7.5-R,54.0,2474395
12392ABR-019-8-R,54.0,2474400
12392ABR-019-8.5-R,54.0,2474417
12392ABR-019-9-R,6.0,2474613
12392ABR-019-9.5-R,54.0,2474605
12393-106-14-R,4.0,999123893
12393-106-15-R,4.0,999123991
12393ABR-106-10-R,6.0,3033687
12393ABR-106-10.5-R,6.0,3033771
12393ABR-106-11-R,6.0,3132426
12393ABR-106-11.5-R,6.0,2830112
12393ABR-106-12-R,6.0,3132416
12393ABR-106-13-R,6.0,4140859
12393ABR-106-14-R,5.0,3975346
12393ABR-106-15-R,6.0,2690953
12393ABR-106-6-R,5.0,3712531
12393ABR-106-6.5-R,6.0,3033770
12393ABR-106-7-R,6.0,3033641
12393ABR-106-7.5-R,6.0,3033790
12393ABR-106-8-R,6.0,3132431
12393ABR-106-8.5-R,6.0,3132433
12393ABR-106-9-R,6.0,3132423
12393ABR-106-9.5-R,6.0,3033794
12395ABR-106-7-R,4.0,3712704
12401-019-10-R,6.0,3072842
12401-019-6.5-R,5.0,3975823
12401-019-7-R,6.0,2559093
12401-019-7.5-R,5.0,1857041
12401-019-8-R,6.0,2282577
12403ABR-019-10-R,4.0,3975308
12403ABR-019-5-R,2.0,3975259
12403ABR-019-6-R,5.0,3974174
12403ABR-019-6.5-R,6.0,2433524
12403ABR-019-7-R,3.0,4096681
12403ABR-019-9.5-R,1.0,3712867
12411-019-4-R,6.0,3712983
12411-019-5-R,2.0,999124035
12411-019-6-R,2.0,999124037
12411-098-6.5-R,4.0,1936553
12411-098-7.5-R,3.0,1936659
12411-200-6-R,3.0,1936662
12411-200-7-R,4.0,3713175
12411-200-8-R,7.0,999124826
12411-200-8.5-R,4.0,1936573
12415-106-7-R,6.0,701862
12417-120-15-R,54.0,558820
12417-120-4-R,4.0,1936576
12417-120-5-R,3.0,3713195
12417-120-8-R,48.0,2050907
12417ABR-120-10-R,6.0,3480498
12417ABR-120-10.5-R,6.0,2830078
12417ABR-120-11-R,6.0,2840924
12417ABR-120-11.5-R,6.0,3480407
12417ABR-120-12-R,6.0,3897618
12417ABR-120-13-R,6.0,3480403
12417ABR-120-14-R,6.0,2830445
12417ABR-120-15-R,6.0,2559777
12417ABR-120-4-R,4.0,3713126
12417ABR-120-5-R,5.0,3480219
12417ABR-120-6.5-R,6.0,3574627
12417ABR-120-7-R,6.0,3264115
12417ABR-120-7.5-R,6.0,3480236
12417ABR-120-8-R,6.0,3264399
12417ABR-120-8.5-R,6.0,3480496
12417ABR-120-9-R,6.0,3415911
12417ABR-120-9.5-R,6.0,2830049
12420-019-10.5-R,54.0,569963
12420-019-11-R,54.0,569999
12420-019-11.5-R,36.0,568522
12420-019-12-R,54.0,563261
12420-019-13-R,36.0,568398
12420-019-4-R,6.0,3712855
12420-019-5-R,8.0,999124539
12420-019-7.5-R,2.0,2642839
12420-019-9-R,6.0,999124605
12420-019-9.5-R,66.0,1712290
12422-019-10-R,5.0,3712828
12422-019-10.5-R,6.0,3243470
12422-019-11-R,6.0,3314850
12422-019-12-R,6.0,2326677
12422-019-5-R,2.0,4096762
12422-019-6.5-R,6.0,4286032
12422-019-7-R,6.0,3072787
12422-019-8-R,6.0,2438169
12422-019-8.5-R,6.0,4286019
12422-019-9-R,6.0,4285691
12422-019-9.5-R,6.0,3243558
12422-106-10-R,6.0,4286298
12422-106-10.5-R,6.0,4285926
12422-106-11-R,6.0,4285931
12422-106-11.5-R,6.0,4286292
12422-106-12-R,6.0,4285688
12422-106-13-R,6.0,4285659
12422-106-14-R,6.0,2691224
12422-106-6-R,6.0,2788391
12422-106-7-R,6.0,2691198
12422-106-7.5-R,6.0,4286020
12422-106-8-R,6.0,4285536
12422-106-8.5-R,6.0,4285570
12422-106-9-R,6.0,4285905
12422-106-9.5-R,6.0,4285646
12429-019-13-R,6.0,2713734
12429-067-13-R,6.0,3628866
12429-067-6-R,4.0,1936523
12429-067-7-R,6.0,3496517
12429-092-6-R,2.0,999124672
12429-545-4-R,3.0,1936608
12430-019-10-R,6.0,3480093
12430-019-10.5-R,6.0,2841154
12430-019-11-R,6.0,3243162
12430-019-11.5-R,6.0,3033624
12430-019-13-R,6.0,3243148
12430-019-14-R,6.0,2642050
12430-019-7-R,6.0,3480647
12430-019-7.5-R,6.0,2832284
12430-019-8-R,6.0,3243468
12430-019-8.5-R,6.0,2840747
12430-019-9-R,6.0,3242986
12430-019-9.5-R,6.0,3480615
12430-106-10-R,6.0,2642175
12430-106-10.5-R,6.0,2841144
12430-106-11.5-R,6.0,3243106
12430-106-12-R,4.0,4189855
12430-106-7-R,4.0,999124611
12430-106-7.5-R,6.0,2841125
12430-106-8-R,6.0,2841143
12430-106-8.5-R,6.0,3242993
12430-120-4-R,3.0,1936615
12430-186-10-R,6.0,2830188
12430-186-10.5-R,6.0,2830685
12430-186-11-R,6.0,2830042
12430-186-11.5-R,6.0,2830313
12430-186-13-R,6.0,2711798
12430-186-7.5-R,6.0,2830676
12430-186-8-R,6.0,2713892
12430-186-8.5-R,6.0,2713851
12430-186-9-R,6.0,2830191
12430-186-9.5-R,6.0,2713874
12430-344-10-R,6.0,999124628
12430-344-10.5-R,54.0,3054308
12430-344-11-R,36.0,936240
12430-344-11.5-R,4.0,1856664
12430-344-12-R,5.0,999124822
12430-344-13-R,5.0,999123846
12430-344-14-R,4.0,999124631
12430-344-7-R,5.0,999123870
12430-344-7.5-R,5.0,1853723
12430-344-8.5-R,66.0,3517715
12430-344-9-R,6.0,2021559
12430-344-9.5-R,6.0,3893748
12430-367-7-R,1.0,999123868
12430-367-7.5-R,1.0,1837397
12430-367-8-R,7.0,4097218
12430-367-8.5-R,4.0,4189941
12430-367-9-R,7.0,999124662
12430-495-10-R,6.0,3917633
12430-495-10.5-R,48.0,580993
12430-495-11-R,6.0,3917964
12430-495-11.5-R,6.0,3500102
12430-495-12-R,40.0,3894359
12430-495-13-R,6.0,3987228
12430-495-4-R,3.0,1937141
12430-495-6-R,9.0,999123939
12430-495-7.5-R,42.0,3294547
12430-495-8-R,36.0,3517864
12430-495-8.5-R,42.0,3500398
12430-495-9-R,66.0,3537369
12430-495-9.5-R,48.0,575419
12430-496-10-R,30.0,3492338
12430-496-11-R,30.0,3529424
12430-496-11.5-R,24.0,2992416
12430-496-6-R,6.0,999124654
12430-496-6.5-R,4.0,1936481
12430-496-7-R,6.0,3569019
12430-496-7.5-R,36.0,3501018
12430-496-8-R,6.0,3918251
12430-496-8.5-R,60.0,3989333
12430-496-9.5-R,60.0,2720265
12430-721-10-R,6.0,999124664
12430-721-11-R,36.0,2689397
12430-721-12-R,6.0,4179807
12430-721-6-R,9.0,999123906
12430-721-6.5-R,6.0,1857047
12430-721-7-R,41.0,3894592
12430-721-7.5-R,49.0,3712299
12430-721-8-R,5.0,999123923
12430-721-8.5-R,42.0,2693348
12430-721-9-R,6.0,3918395
12430-721-9.5-R,42.0,3520947
12431-019-6-R,4.0,3918479
124319,4.0,1862483
12431ABR-019-10-R,6.0,2712894
12431ABR-019-11-R,6.0,2712250
12431ABR-019-12-R,6.0,4286017
12431ABR-019-7.5-R,6.0,2712384
12438-120-11.5-R,54.0,1811993
12438-120-14-R,1.0,3680213
12438-120-6-R,5.0,999124709
12438-120-7-R,4.0,999124732
124382,5.0,1868263
12438ABR-120-10-R,6.0,2691066
12438ABR-120-11-R,6.0,2713353
12438ABR-120-11.5-R,6.0,2623422
12438ABR-120-12-R,6.0,2691189
12438ABR-120-4-R,5.0,4097689
12438ABR-120-7-R,6.0,2642323
12438ABR-120-7.5-R,6.0,2691177
12438ABR-120-8-R,6.0,2691183
12438ABR-120-9.5-R,6.0,2711779
12439-019-14-R,5.0,999123968
12439ABR-019-10-R,6.0,4285804
12439ABR-019-10.5-R,6.0,2928649
12439ABR-019-11.5-R,6.0,4285801
12439ABR-019-13-R,6.0,4285810
12439ABR-019-14-R,6.0,2789044
12439ABR-019-6.5-R,6.0,4285898
12439ABR-019-7-R,6.0,4285895
12439ABR-019-7.5-R,6.0,2712968
12439ABR-019-8-R,6.0,4285979
12439ABR-019-8.5-R,6.0,4285583
12439ABR-019-9-R,6.0,2789084
12439ABR-019-9.5-R,6.0,4286119
12440-106-10-R,6.0,4285914
12440-106-10.5-R,6.0,4286112
12440-106-11-R,6.0,4286176
12440-106-11.5-R,6.0,2628172
12440-106-12-R,6.0,2788435
12440-106-13-R,6.0,4286121
12440-106-14-R,6.0,4285821
12440-106-4-R,5.0,4097735
12440-106-6-R,6.0,2789536
12440-106-6.5-R,6.0,4285533
12440-106-7-R,6.0,2655922
12440-106-7.5-R,6.0,2628328
12440-106-8-R,6.0,2789663
12440-106-8.5-R,6.0,2789640
12440-106-9-R,6.0,4286135
12440-106-9.5-R,6.0,2789114
12441-255-7-R,2.0,3714614
12443-019-7.5-R,4.0,1865911
12443-019-8-R,6.0,999123979
12443ABR-389-11-R,6.0,3072823
12443ABR-389-7-R,6.0,3072849
12444-019-4-R,1.0,999124711
12444-019-7-R,5.0,3816734
12444-019-8-R,4.0,4096991
12444-019-9-R,5.0,4189918
12444ABR-019-10-R,6.0,2788573
12444ABR-019-10.5-R,6.0,2788671
12444ABR-019-11-R,6.0,2788972
12444ABR-019-11.5-R,5.0,3975443
12444ABR-019-14-R,1.0,4286425
12444ABR-019-4-R,5.0,3713569
12444ABR-019-5-R,4.0,3679630
12444ABR-019-7-R,6.0,2788626
12444ABR-019-7.5-R,6.0,2788950
12444ABR-019-8-R,6.0,2789006
12444ABR-019-8.5-R,6.0,2788992
12444ABR-019-9-R,6.0,2788620
12444ABR-019-9.5-R,6.0,2788594
12445-106-7-R,2.0,999123880
12445ABR-106-14-R,5.0,3973835
12445ABR-106-7-R,6.0,2873373
12446-106-10-R,6.0,2878560
12446-106-11-R,6.0,4114803
12446-106-12-R,6.0,2711248
12446-106-13-R,5.0,999123900
12446-106-14-R,6.0,2901328
12446-496-4-R,1.0,4097053
12446-496-7.5-R,1.0,4097064
12446ABR-019-10-R,6.0,3243237
12446ABR-019-10.5-R,6.0,3243376
12446ABR-019-11-R,6.0,2766754
12446ABR-019-11.5-R,6.0,3243441
12446ABR-019-12-R,6.0,2766948
12446ABR-019-6.5-R,6.0,2655390
12446ABR-019-7-R,6.0,3243411
12446ABR-019-7.5-R,5.0,3464759
12446ABR-019-8-R,6.0,3243380
12446ABR-019-8.5-R,6.0,3243327
12446ABR-019-9-R,6.0,3264759
12446ABR-019-9.5-R,6.0,3243390
12446ABR-106-10-R,6.0,2766756
12446ABR-106-10.5-R,6.0,2766708
12446ABR-106-11-R,6.0,2766789
12446ABR-106-11.5-R,6.0,2766709
12446ABR-106-12-R,6.0,2713525
12446ABR-106-13-R,6.0,2713549
12446ABR-106-14-R,6.0,2655220
12446ABR-106-4-R,4.0,3713654
12446ABR-106-5-R,5.0,3713714
12446ABR-106-7-R,6.0,2766717
12446ABR-106-7.5-R,6.0,2766715
12446ABR-106-8-R,6.0,2713434
12446ABR-106-8.5-R,6.0,2713430
12446ABR-106-9-R,6.0,2766683
12446ABR-106-9.5-R,6.0,2713437
12451-389-10-R,4.0,3975226
12451-389-11-R,2.0,999123946
12451-389-11.5-R,6.0,1561858
12451-389-13-R,4.0,999118938
12451-389-14-R,3.0,1936810
12451-389-15-R,3.0,1936803
12451-389-4-R,5.0,999118943
12451-389-5-R,2.0,999123960
12451-389-8-R,6.0,2040595
12451-389-9.5-R,6.0,2040603
12454-019-10.5-R,6.0,733880
12454-019-11.5-R,54.0,798321
12454-019-14-R,4.0,999123972
12454-019-15-R,3.0,999118946
12454-019-9-R,9.0,3714095
12454ABR-019-10-R,6.0,3243285
12454ABR-019-10.5-R,6.0,3033599
12454ABR-019-11-R,6.0,3243227
12454ABR-019-11.5-R,6.0,2632164
12454ABR-019-12-R,6.0,3243132
12454ABR-019-13-R,6.0,3243299
12454ABR-019-14-R,5.0,4230620
12454ABR-019-15-R,6.0,2282631
12454ABR-019-7.5-R,6.0,2632144
12454ABR-019-8-R,6.0,3243319
12454ABR-019-8.5-R,6.0,3243326
12454ABR-019-9-R,6.0,3243274
12454ABR-019-9.5-R,6.0,2632192
12457-019-4-R,2.0,999123984
12457-256-5-R,1.0,999123988
12457-337-10-R,6.0,3987700
12457-337-11-R,36.0,3545560
12457-337-12-R,6.0,3987525
12457-337-7-R,7.0,999124025
12457-337-8.5-R,6.0,3987342
12457-337-9-R,5.0,999124003
12457-337-9.5-R,28.0,3475609
12459-389-10-R,5.0,999124007
12459-389-10.5-R,24.0,1872712
12459-389-11-R,6.0,1797826
12459-389-11.5-R,6.0,1561246
12459-389-12-R,5.0,999124690
12459-389-13-R,12.0,2506694
12459-389-14-R,6.0,1797918
12459-389-15-R,2.0,999124694
12459-389-4-R,3.0,999118969
12459-389-5-R,6.0,1797824
12459-389-8-R,23.0,4230755
12459-389-8.5-R,36.0,2591545
12459-389-9-R,6.0,2020603
12459-389-9.5-R,30.0,1872993
12464-120-11-R,6.0,3245237
12464-120-11.5-R,6.0,2010929
12464-120-4-R,5.0,999118975
12464-120-6-R,5.0,999118979
12464-120-9.5-R,4.0,1856558
12464ABR-120-10-R,6.0,2460607
12464ABR-120-10.5-R,6.0,2441075
12464ABR-120-11-R,6.0,2466980
12464ABR-120-11.5-R,6.0,2441092
12464ABR-120-12-R,6.0,2460621
12464ABR-120-13-R,6.0,2460619
12464ABR-120-14-R,4.0,999118983
12464ABR-120-7-R,6.0,2577140
12464ABR-120-7.5-R,6.0,2460811
12464ABR-120-8-R,6.0,2460784
12464ABR-120-8.5-R,6.0,2460800
12464ABR-120-9-R,6.0,2440965
12464ABR-120-9.5-R,6.0,2600800
12466-019-10-R,7.0,999124744
12466-019-10.5-R,13.0,749944
12466-019-11-R,7.0,999124760
12466-019-13-R,5.0,999124850
12466-019-14-R,4.0,4097411
12466-019-15-R,1.0,999124876
12466-019-7-R,4.0,999118982
12466-019-7.5-R,6.0,2885939
12466-019-8.5-R,7.0,1856578
12466-019-9-R,9.0,999124011
12467-019-11.5-R,4.0,1865931
12467-019-14-R,1.0,999124708
12467-019-5-R,6.0,999118976
12467-019-9-R,1.0,3975066
12468-019-8-R,6.0,999118991
12469-019-7-R,3.0,1937094
12470-007-10-R,6.0,3897213
12470-007-10.5-R,6.0,2858906
12470-007-11-R,6.0,2858903
12470-007-7.5-R,6.0,2858924
12470-1066-10-R,8.0,999124717
12470-1066-10.5-R,6.0,3987116
12470-1066-11-R,4.0,999124730
12470-1066-6.5-R,3.0,1937095
12470-1067-10.5-R,6.0,2711659
12471-007-10.5-R,36.0,1792506
12471-007-7.5-R,4.0,2870111
12471CST-389-10-R,6.0,3010259
12471CST-389-10.5-R,6.0,3010256
12471CST-389-11-R,6.0,3010249
12471CST-389-11.5-R,6.0,3010240
12471CST-389-12-R,6.0,3010248
12471CST-389-7-R,6.0,3010469
12471CST-389-7.5-R,6.0,3010241
12471CST-389-8-R,6.0,3010255
12471CST-389-8.5-R,6.0,3010233
12471CST-389-9-R,6.0,3010258
12471CST-389-9.5-R,6.0,3010257
12473-007-10-R,6.0,999124922
12473-007-10.5-R,36.0,3973100
12473-007-11-R,4.0,4097871
12473-007-7-R,2.0,999124728
12475-007-10-R,6.0,3316084
12475-007-10.5-R,72.0,817722
12475-007-11-R,6.0,3316096
12475-007-5-R,6.0,2655275
12475-007-7-R,7.0,999124907
12475-007-8-R,6.0,2441078
12475-007-8.5-R,6.0,2713911
12475-007-9-R,4.0,999119004
12475-007-9.5-R,6.0,3316092
12475-389-10-R,6.0,2326270
12475-389-10.5-R,60.0,2222588
12475-389-11-R,47.0,2621049
12475-389-12-R,6.0,3894631
12475-389-13-R,6.0,2885942
12475-389-14-R,5.0,999119015
12475-389-5-R,5.0,999119008
12475-389-6-R,1.0,2885945
12475-389-7-R,6.0,2713494
12475-389-7.5-R,6.0,2326463
12475-389-8-R,6.0,2885869
12475-389-8.5-R,6.0,2885951
12475-389-9-R,6.0,999124909
12475-389-9.5-R,6.0,2885927
12475-828-10-R,4.0,3817486
12475-828-10.5-R,5.0,4098032
12475-828-11-R,3.0,3816289
12475-828-14-R,1.0,999124719
12476-007-10-R,6.0,2326850
12476-007-10.5-R,6.0,2326258
12476-007-11-R,6.0,999124727
12476-007-5-R,5.0,4230580
12476-007-7-R,3.0,999119020
12476-007-7.5-R,6.0,2326838
12476-007-8.5-R,6.0,2326837
12476-007-9-R,6.0,2326844
12476-007-9.5-R,6.0,2326533
12476-019-10.5-R,6.0,3567836
12476-721-10-R,6.0,3859569
12476-721-10.5-R,48.0,3013794
12476-721-12-R,3.0,4098077
12476-721-5-R,5.0,4098087
12476-721-7-R,8.0,999124915
12476-721-8.5-R,6.0,1857017
12476-721-9-R,6.0,999124746
12476-828-10.5-R,6.0,3455125
12476-828-7-R,2.0,3815790
12476-975-6-R,11.0,999124916
12477-019-10-R,6.0,2723206
12477-019-10.5-R,6.0,2723011
12477-019-11-R,6.0,2723046
12477-019-12-R,6.0,4220249
12477-019-7-R,6.0,4220260
124871,3.0,1869921
12488-007-10.5-R,6.0,3302602
12488-007-7-R,6.0,2718386
12488-186-10-R,6.0,2887606
12488-186-10.5-R,6.0,2718458
12488-186-11-R,6.0,2758563
12488-186-4-R,1.0,999124759
12488-186-8.5-R,6.0,2887653
12488-721-10-R,6.0,3404026
12488-721-10.5-R,59.0,3984959
12488-721-4-R,4.0,999119039
12488-721-5-R,5.0,999119064
12488-721-7-R,6.0,2005680
12488-721-8.5-R,6.0,3893736
12488-934-10.5-R,6.0,2711861
12491-170-13-R,1.0,999124751
12492-007-10-R,3.0,999119041
12492-007-11-R,3.0,999119042
12492-007-12-R,2.0,999124753
12493-007-10-R,3.0,999119043
12493-007-11-R,2.0,4098162
12493-007-12-R,2.0,999124775
12498-389-10-R,6.0,2642049
12498-389-10.5-R,6.0,2713665
12498-389-11-R,6.0,2713647
12498-389-11.5-R,6.0,2163554
12498-389-12-R,6.0,2713619
12498-389-13-R,6.0,2642005
12498-389-14-R,6.0,2895432
12498-389-15-R,4.0,999119077
12498-389-4-R,2.0,999124836
12498-389-6-R,6.0,2642043
12498-389-7-R,6.0,2642033
12498-389-8-R,6.0,2713656
12498-389-8.5-R,6.0,2713654
12498-389-9-R,6.0,2713643
12498-389-9.5-R,6.0,2713629
124987,4.0,1862485
12499-389-10-R,6.0,2713717
12499-389-10.5-R,6.0,2713703
12499-389-11-R,6.0,2712426
12499-389-11.5-R,6.0,2713710
12499-389-12-R,6.0,2711670
12499-389-13-R,5.0,3114029
12499-389-14-R,6.0,2713709
12499-389-7-R,5.0,999119050
12499-389-8-R,6.0,2713676
12499-389-8.5-R,6.0,2713730
12499-389-9-R,6.0,2713722
12499-389-9.5-R,6.0,2713726
12500-109-11.5-R,4.0,3894776
12500-109-4-R,6.0,2766694
12500-109-5-R,4.0,999119086
12500-109-7-R,3.0,999119088
12500-109-8.5-R,6.0,2311137
12500-122-10-R,5.0,3897049
12500-122-10.5-R,6.0,3455195
12500-122-11-R,6.0,3455194
12500-122-7.5-R,4.0,3817438
12500-122-8.5-R,6.0,3455273
12500-589-10-R,6.0,2929187
12500-589-10.5-R,6.0,2929196
12500-589-11-R,6.0,2928672
12500-589-11.5-R,6.0,3975034
12500-589-12-R,6.0,2929210
12500-589-7-R,5.0,999119062
12500-589-8-R,5.0,999124756
12500-589-8.5-R,6.0,2929164
12500-589-9-R,6.0,2928275
12500-589-9.5-R,6.0,2929176
12502-019-10-R,6.0,2641935
12502-019-10.5-R,6.0,2642221
12502-019-11-R,6.0,2641885
12502-019-11.5-R,5.0,3286929
12502-019-12-R,6.0,2641663
12502-019-13-R,6.0,2641652
12502-019-14-R,5.0,2653564
12502-019-15-R,5.0,3677808
12502-019-4-R,6.0,2641926
12502-019-5-R,6.0,2641897
12502-019-6-R,6.0,2641912
12502-019-7-R,6.0,2641677
12502-019-7.5-R,5.0,2699226
12502-019-8-R,5.0,3678055
12502-019-8.5-R,6.0,2641681
12502-019-9-R,6.0,2641689
12502-019-9.5-R,6.0,2641683
12503-019-10-R,8.0,999124853
12503-186-10-R,6.0,3974678
12503-186-10-W,6.0,2730141
12503-186-10.5-R,6.0,2730157
12503-186-10.5-W,6.0,2730043
12503-186-11-R,6.0,2730459
12503-186-11.5-R,6.0,2730240
12503-186-11.5-W,6.0,2878571
12503-186-12-R,6.0,2730247
12503-186-13-R,6.0,2730243
12503-186-14-W,6.0,2730261
12503-186-15-R,6.0,2730182
12503-186-4-R,6.0,2730238
12503-186-5-R,6.0,2730038
12503-186-7-R,7.0,999124867
12503-186-7-W,6.0,2730155
12503-186-7.5-R,6.0,2730035
12503-186-8-R,6.0,2730143
12503-186-8.5-R,6.0,2730066
12503-186-8.5-W,6.0,2730156
12503-186-9-R,6.0,2730249
12503-186-9-W,6.0,2730159
12503-186-9.5-R,6.0,2730174
12503-389-10-R,6.0,2858815
12503-389-10.5-R,6.0,2858648
12503-389-11-R,6.0,2860473
12503-389-11.5-R,6.0,2730465
12503-389-12-R,6.0,2858691
12503-389-13-R,6.0,2858767
12503-389-13-W,6.0,2730071
12503-389-14-W,5.0,999119090
12503-389-5-R,6.0,2858803
12503-389-6-R,6.0,2858737
12503-389-7-R,6.0,2858738
12503-389-7-W,6.0,2730050
12503-389-7.5-R,6.0,2858733
12503-389-8-R,6.0,2858740
12503-389-8.5-R,6.0,2858670
12503-389-9-R,6.0,2858638
12503-389-9.5-R,6.0,2858701
12504-019-15-R,4.0,3975290
12504-019-4-R,4.0,2680279
12504-019-5-R,4.0,2677382
12506-019-10-R,6.0,2707465
12506-019-10.5-R,6.0,2707316
12506-019-11-R,6.0,2315025
12506-019-11.5-R,6.0,2707428
12506-019-12-R,6.0,2707453
12506-019-13-R,6.0,2707332
12506-019-14-R,6.0,2707328
12506-019-15-R,3.0,1936863
12506-019-4-R,3.0,1936952
12506-019-5-R,3.0,1936957
12506-019-6-R,4.0,999124896
12506-019-7-R,6.0,2707314
12506-019-7.5-R,6.0,2314957
12506-019-8-R,6.0,2707343
12506-019-8.5-R,6.0,2707488
12506-019-9-R,6.0,2707430
12506-019-9.5-R,6.0,2707470
12510-389-10-R,6.0,2929162
12510-389-11.5-R,6.0,2707419
12510-389-12-R,6.0,2707517
12510-389-13-R,5.0,3919763
12510-389-4-R,6.0,2650202
12510-389-7-R,35.0,3504166
12510-389-7.5-R,6.0,2707417
12510-389-8-R,6.0,2707405
12510-389-8.5-R,6.0,2707496
12511-019-10-R,6.0,2715856
12511-019-10.5-R,6.0,2707376
12511-019-11-R,6.0,2707361
12511-019-11.5-R,6.0,2314873
12511-019-12-R,6.0,2314827
12511-019-13-R,6.0,2314834
12511-019-14-R,2.0,999124887
12511-019-15-R,6.0,2650150
12511-019-4-R,54.0,2649982
12511-019-5-R,48.0,3520854
12511-019-6-R,54.0,2649979
12511-019-7-R,6.0,2314901
12511-019-7.5-R,6.0,2707340
12511-019-8-R,6.0,2707336
12511-019-8.5-R,6.0,2314851
12511-019-9-R,6.0,2314862
12511-019-9.5-R,6.0,2315014
127300,5.0,1868257
128369,9.0,1870231
128386,7.0,1870104
128550,7.0,1870095
128620,6.0,1868461
129153,7.0,1868501
129568,4.0,1862502
129569,4.0,1862508
129571,4.0,1862501
129573,4.0,1862514
129574,4.0,1862516
130336,300.0,4204097
130434,6.0,1868307
131671,6.0,1868225
131672,6.0,1868221
133601,4.0,1862519
133618,4.0,1862520
133657,5.0,1868272
134099,5.0,3768424
1620001-106-10,6.0,2954286
1620001-106-6,6.0,2954283
1620001-106-6.5,6.0,2954274
1620001-106-7,6.0,2954278
1620001-106-7.5,6.0,2954275
1620001-106-8,2.0,999124814
1620001-106-8.5,6.0,2954281
1620001-106-9,2.0,999124839
1620001-106-9.5,6.0,2954284
1720027-007-10-R,2.0,3713760
1720027-007-11-R,2.0,3713742
1720027-007-12-R,2.0,3713723
1720037-007-10-R,5.0,3010252
1720037-007-11-R,5.0,3010253
1720037-389-10-R,5.0,3010250
1720037-389-11-R,5.0,3010251
1720044-106-10-R,5.0,2569103
1720044-106-10.5-R,6.0,3677025
1720044-106-11.5-R,6.0,2872461
1720044-106-6-R,6.0,2872400
1720044-106-7.5-R,6.0,3677020
1720044-106-8.5-R,6.0,2872485
1720044-106-9.5-R,6.0,3677011
177713,14.0,1870347
177928,4.0,1862925
177948,4.0,1862922
178098,198.0,4243952
178185,11.0,1870159
178272,6.0,1868220
178274,6.0,1868223
178276,6.0,1868236
178278,6.0,1868246
178279,6.0,1868244
178280,6.0,1870067
178281,6.0,1870062
178282,6.0,1869944
179063,8.0,1870080
179266,8.0,1870195
179268,5.0,1868279
179270,9.0,1870332
179285,6.0,1869936
179368,6.0,1868235
179380,9.0,1870336
179392,9.0,1870338
179393,6.0,1868229
179603,6.0,1868241
179685,7.0,1868335
179687,7.0,1868332
179908,10.0,1870050
179910,10.0,1870054
179911,12.0,1870084
179912,12.0,1870088
179914,11.0,1870161
179916,12.0,1870239
179917,12.0,1870234
179918,12.0,1870236
179919,12.0,1870232
179946,10.0,1870037
179949,9.0,1870318
1800013-019-L,96.0,3244040
1800013-019-M,96.0,3162128
1800013-019-S,96.0,3244119
1800013-019-XL,96.0,3243976
1800013-389-L,96.0,3162079
1800013-389-M,96.0,2955346
1800013-389-S,91.0,3244033
1800013-389-XL,96.0,3163213
1800014-019-L,96.0,2955492
1800014-019-M,96.0,3244082
1800014-019-S,96.0,3244096
1800014-019-XL,96.0,3244016
1800014-389-L,96.0,3163044
1800014-389-M,96.0,2902610
1800014-389-S,96.0,2902625
1800015-019-L,96.0,3244360
1800015-019-M,96.0,3244012
1800015-019-S,84.0,3163043
1800015-019-XL,96.0,3244295
1800015-389-L,96.0,2902632
1800015-389-M,96.0,2902636
1800015-389-S,96.0,2902637
180232,5.0,1868509
180233,6.0,1868251
180571,5.0,1869797
180594,3.0,1862923
180717,124.0,4201607
180857,4.0,1862939
180916,5.0,1866024
181533,6.0,1868521
181746,6.0,1868531
181747,6.0,1868519
181750,6.0,1868523
181752,5.0,1866030
181753,6.0,1869941
181754,5.0,1869794
181755,6.0,1869937
181756,6.0,1870185
181757,6.0,1870188
181758,6.0,1868344
181759,6.0,1868339
181760,6.0,1868342
181761,6.0,1868345
181762,6.0,1868370
181763,6.0,1868378
181814,6.0,1868410
181815,6.0,1868403
181970,4.0,1862945
1820016-019-10-R,6.0,2701601
1820016-019-10.5-R,6.0,2701507
1820016-019-11-R,6.0,2701641
1820016-019-11.5-R,6.0,3282858
1820016-019-12-R,6.0,3282862
1820016-019-13-R,6.0,2701527
1820016-019-14-R,6.0,2845881
1820016-019-4-R,6.0,2845891
1820016-019-5-R,6.0,2845885
1820016-019-6-R,6.0,2845875
1820016-019-7-R,6.0,3282869
1820016-019-7.5-R,6.0,3282613
1820016-019-8-R,6.0,2701557
1820016-019-8.5-R,6.0,2701441
1820016-019-9-R,6.0,2701583
1820016-019-9.5-R,6.0,2701510
1820016-389-10-R,6.0,2603321
1820016-389-11-R,6.0,2603536
1820016-389-11.5-R,4.0,3713623
1820016-389-12-R,6.0,2603808
1820016-389-13-R,5.0,2679068
1820016-389-14-R,6.0,2845883
1820016-389-4-R,6.0,3282614
1820016-389-5-R,6.0,2845889
1820016-389-6-R,6.0,3282601
1820016-389-7-R,6.0,2603501
1820016-389-7.5-R,4.0,3677766
1820016-389-8.5-R,6.0,2711254
1820016-389-9-R,6.0,3282867
1820016-389-9.5-R,6.0,2603492
1820017-019-10-R,6.0,2701026
1820017-019-10.5-R,6.0,2845729
1820017-019-11-R,6.0,2701010
1820017-019-11.5-R,6.0,2845605
1820017-019-12-R,6.0,2701108
1820017-019-14-R,6.0,2845713
1820017-019-4-R,6.0,2845677
1820017-019-5-R,6.0,2845714
1820017-019-6-R,6.0,2845673
1820017-019-7.5-R,5.0,2881345
1820017-019-8-R,6.0,2845759
1820017-019-8.5-R,6.0,2701072
1820017-019-9-R,6.0,2845763
1820017-019-9.5-R,6.0,2701070
1820017-389-10-R,6.0,2603839
1820017-389-10.5-R,6.0,2845760
1820017-389-11-R,6.0,2603837
1820017-389-11.5-R,6.0,2845711
1820017-389-12-R,6.0,2603532
1820017-389-13-R,6.0,2845719
1820017-389-14-R,6.0,2845718
1820017-389-4-R,6.0,2845675
1820017-389-5-R,6.0,2845679
1820017-389-6-R,6.0,2845676
1820017-389-7-R,4.0,999124884
1820017-389-7.5-R,6.0,2845683
1820017-389-8-R,6.0,2845726
1820017-389-8.5-R,6.0,2845611
1820017-389-9-R,6.0,2845890
1820017-389-9.5-R,6.0,2716128
1820018-019-10-R,6.0,2701192
1820018-019-10.5-R,6.0,2845599
1820018-019-11-R,6.0,2701143
1820018-019-11.5-R,6.0,2846017
1820018-019-12-R,6.0,2656243
1820018-019-14-R,4.0,2711054
1820018-019-4-R,5.0,2878569
1820018-019-5-R,5.0,2895437
1820018-019-6-R,5.0,999124829
1820018-019-7-R,5.0,999124807
1820018-019-7.5-R,6.0,2845598
1820018-019-8-R,6.0,2705493
1820018-019-8.5-R,6.0,2705487
1820018-019-9-R,6.0,2701145
1820018-019-9.5-R,6.0,2716166
1820018-389-10-R,6.0,2701132
1820018-389-10.5-R,6.0,2701128
1820018-389-11-R,6.0,2701142
1820018-389-11.5-R,6.0,2701144
1820018-389-12-R,6.0,2701149
1820018-389-13-R,6.0,2701131
1820018-389-14-R,4.0,999124811
1820018-389-4-R,5.0,3677492
1820018-389-5-R,5.0,2895438
1820018-389-6-R,5.0,999124818
1820018-389-7-R,6.0,2701104
1820018-389-7.5-R,5.0,2876697
1820018-389-8-R,6.0,2845586
1820018-389-8.5-R,6.0,2701146
1820018-389-9-R,6.0,2701127
1820018-389-9.5-R,6.0,2705491
1820035-019-10-R,12.0,3118281
1820035-019-12-R,12.0,3118277
1820035-186-10-R,12.0,3087821
1820035-186-11-R,12.0,3088034
1820043-942-10-R,7.0,2912494
1820045-019-10-R,6.0,3866101
1820045-019-10.5-R,6.0,3866092
1820045-019-11-R,6.0,3866074
1820045-019-11.5-R,6.0,3866052
1820045-019-12-R,6.0,3866067
1820045-019-13-R,6.0,3866070
1820045-019-7-R,6.0,3866095
1820045-019-7.5-R,6.0,3866096
1820045-019-8-R,6.0,3866097
1820045-019-8.5-R,6.0,3866132
1820045-019-9-R,6.0,3866094
1820045-019-9.5-R,6.0,3866099
1820045-389-10-R,6.0,3866059
1820045-389-10.5-R,6.0,3866123
1820045-389-11-R,6.0,3866069
1820045-389-11.5-R,6.0,3866066
1820045-389-12-R,6.0,3866068
1820045-389-13-R,6.0,3866072
1820045-389-7-R,6.0,3866071
1820045-389-8-R,6.0,3866145
1820045-389-8.5-R,6.0,3866149
1820045-389-9-R,6.0,3866128
1820045-389-9.5-R,6.0,3866150
182298,3.0,3766114
182437,15.0,1870305
182562,5.0,3766067
182653,5.0,1869801
183082,5.0,1869724
183420,4.0,1862966
183421,8.0,1870146
183457,6.0,1868802
183559,4.0,1862977
183598,6.0,1868800
183850,6.0,1868661
183908,5.0,1869862
183915,6.0,1868657
183918,6.0,1868527
183935,6.0,1868530
184067,6.0,1868537
184873,8.0,1870113
184927,4.0,1862979
184951,4.0,1862984
185122,4.0,1862978
185158,9.0,1870348
185312,4.0,1865939
185368,5.0,1869914
185369,6.0,1868605
185394,4.0,1865947
185395,5.0,1869831
185778,7.0,1868441
185799,5.0,1869895
186061,4.0,1865961
186069,6.0,1868492
186145,4.0,1865958
186209,9.0,1870352
186595,4.0,1865969
186608,12.0,1870123
186641,3.0,3768717
186658,4.0,1865970
186830,5.0,1869959
186831,4.0,1866021
187947,1.0,1870272
188077,6.0,1868659
200324,6.0,1868671
200326,6.0,1868677
20048-1268-1 SZ,40.0,2936068
200682,4.0,1866038
200887,6.0,1868579
201078,180.0,3958589
201292,4.0,1866046
201300,6.0,1868670
201469,6.0,1869992
201470,6.0,1869951
201485,6.0,1868620
201597,6.0,1870157
201777,12.0,1870302
201907,4.0,1866071
202239,4.0,1866075
202331,6.0,1868638
202440,6.0,1868685
202471,5.0,1870065
202497,4.0,1868285
202506,4.0,1868282
202759,4.0,1868204
202822,5.0,1869793
202984,5.0,1869879
203180,204.0,4302936
203184,180.0,4310000
203299,6.0,1868625
203301,6.0,1869960
203451,5.0,1869874
203453,5.0,1869873
203634,36.0,4249547
203707,4.0,1868293
203740,7.0,1870289
204401,233.0,4296256
204403,330.0,4297442
204944,7.0,1870117
205062,5.0,1869922
205496,6.0,1868689
205622,5.0,1869906
205643,4.0,1868213
205651,4.0,1868079
205661,5.0,1869935
205666,4.0,1868073
205868,6.0,1870180
205941,5.0,1869967
206220,4.0,1866040
206243,1.0,1868101
206329,7.0,1870128
206617,6.0,1869985
206715,4.0,1868809
206839,8.0,1870311
206903,5.0,1869979
206974,5.0,1869982
207175,6.0,1870040
207262,7.0,1870070
207507,4.0,1868811
207508,5.0,1869974
207527,4.0,1868814
207533,4.0,1868131
207609,5.0,1870035
207811,6.0,1870043
208053,7.0,1870204
208061,8.0,1870229
208062,9.0,1870025
208064,9.0,1870026
208466,4.0,1868145
208475,11.0,1870233
208663,9.0,1870009
208811,6.0,1869905
208866,6.0,1869902
208880,6.0,1870211
209622,12.0,1870168
209623,12.0,1870179
209664,12.0,1870174
209698,6.0,1870092
209700,2100.0,4210258
209701,2000.0,2693759
209702,2200.0,3314772
209703,1800.0,4038916
213351,36.0,4105827
214640,900.0,4261037
214650,900.0,4260987
226028,180.0,4192443
300300,1.0,2946536
300320,1.0,3077652
300840,1.0,2848042
300841,1.0,3688722
300847,1.0,3256721
300864,1.0,3399006
300865,1.0,2705071
312002,1.0,4236243
32165-019-M,3.0,1936982
32165-750-M,5.0,1860248
32165-750-S,3.0,1937087
369852,11040.0,4248251
38084-186-L,4.0,1866001
38084ABR-019-S,7.0,3081941
40016-010-2XL,22.0,3077373
40016-010-L,24.0,3553609
40016-010-M,24.0,3077358
40016-010-S,24.0,3077859
40016-010-XL,24.0,3553617
40016-019-2XL,22.0,3553634
40016-019-S,24.0,3721145
40016-019-XL,24.0,3721126
40016-165-2XL,22.0,3077452
40016-165-M,24.0,2669829
40016-165-S,24.0,3077097
40016-724-2XL,22.0,2974107
40016-724-3XL,20.0,3077862
40016-724-L,24.0,3721096
40016-724-M,24.0,3077381
40016-724-S,24.0,3553643
40016-724-XL,24.0,3553557
40174-165-2XL,24.0,2632550
40174-165-3XL,24.0,2632521
40174-165-L,24.0,2632531
40174-165-M,24.0,2632554
40174-165-S,24.0,2632518
40174-165-XL,24.0,2632539
40184-724-S,24.0,2635502
41018-696-M,4.0,1866000
41018-696-S,5.0,1860177
41060-010-2XL,20.0,2902271
41060-010-3XL,20.0,2902288
41060-010-L,22.0,2902504
41060-010-M,24.0,2902494
41060-010-S,24.0,3823794
41060-010-XL,22.0,3205550
41060-010-XS,24.0,2902330
41060-016-2XL,20.0,2790301
41060-016-3XL,20.0,3979028
41060-016-L,22.0,2717857
41060-016-M,24.0,2858208
41060-016-S,24.0,2858227
41060-016-XS,24.0,2858250
41060-019-2XL,20.0,4068589
41060-019-3XL,20.0,4202956
41060-019-L,22.0,4289346
41060-019-M,24.0,4068725
41060-019-S,24.0,4068565
41060-019-XL,22.0,4068712
41060-019-XS,24.0,4068742
41060-160-2XL,20.0,3823302
41060-160-L,22.0,4068978
41060-160-M,24.0,4093052
41060-160-S,24.0,4093185
41060-160-XL,22.0,3979040
41060-160-XS,24.0,3539542
41060-477-L,22.0,3685925
41060-477-M,24.0,3979079
41060-477-S,24.0,4068745
41060-477-XL,22.0,3541293
41060-692-2XL,20.0,3541290
41060-692-L,22.0,2858229
41060-692-M,24.0,2858237
41060-692-S,24.0,3541615
41060-692-XL,22.0,3541202
41060-724-2XL,20.0,4068716
41060-724-3XL,20.0,2790313
41060-724-L,22.0,4202766
41060-724-M,24.0,4068744
41060-724-S,24.0,4202774
41060-724-XS,24.0,4202809
41060-860-2XL,20.0,4289364
41060-860-L,22.0,2717976
41060-860-M,24.0,4289351
41060-860-S,24.0,4289360
41060-860-XL,22.0,4289349
41060EU-858-2XL,20.0,3324755
41060EU-858-3XL,20.0,3324703
41060EU-858-L,22.0,3324490
41060EU-858-M,24.0,3324742
41060EU-858-S,24.0,3324454
41060EU-858-XL,22.0,3324364
41060EU-858-XS,24.0,3324752
41060FMP-860-L,20.0,2748616
41060FMP-860-XL,3.0,1936985
41180-010-S,22.0,2750129
41180-016-L,22.0,4246636
41180-016-S,22.0,2405764
41180-016-XL,22.0,4246489
41180-019-2XL,23.0,4246633
41180-019-L,22.0,4246497
41180-019-M,22.0,3161327
41180-019-S,22.0,3102262
41180-019-XL,22.0,4246646
41180-019-XS,22.0,2405763
41180-724-2XL,22.0,2637753
41180-724-L,22.0,4246482
41180-724-M,22.0,4246499
41180-724-S,22.0,3161326
41180-724-XL,22.0,2637809
41180-724-XS,22.0,2757169
41180AE-544-L,227.0,2702932
41180AE-544-M,5.0,1860173
41180AE-544-XL,3.0,1937001
41192-018-2XL,24.0,4246639
41192-018-3XL,19.0,4246726
41192-018-L,24.0,4246702
41192-018-M,24.0,4246736
41192-018-S,24.0,2424412
41192-018-XL,24.0,4246730
41192-019-L,24.0,3118220
41192-019-M,24.0,3540516
41192-019-XS,21.0,3540514
41192-160-L,24.0,4246742
41192-160-M,24.0,4246706
41192-160-S,24.0,2757177
41192-160-XL,24.0,4246734
41192-724-2XL,24.0,2910813
41192-724-M,24.0,3017197
41192-724-S,24.0,3017228
41284-019-M,48.0,2670116
41286-258-S,22.0,2637727
41286-588-S,22.0,2637731
41288-019-XS-R,36.0,2794505
41288-092-2XL-R,36.0,2712685
41288-092-3XL-R,36.0,2794535
41288-092-S-R,36.0,2794534
41288-092-XL-R,36.0,2794507
41288-092-XS-R,36.0,2712692
41288-186-2XL-R,36.0,2712687
41288-186-3XL-R,36.0,2794502
41288-186-L-R,36.0,2712587
41288-186-M-R,36.0,2712773
41288-186-S-R,36.0,2712575
41288-186-XS-R,36.0,2712711
41288-724-2XL-R,36.0,2712612
41288MC-169-2XL-R,36.0,2958445
41288MC-169-3XL-R,36.0,3016940
41288MC-169-L-R,36.0,2958323
41288MC-169-M-R,36.0,3016895
41288MC-169-S-R,36.0,2958456
41288MC-169-XL-R,36.0,2958107
41288MC-169-XS-R,36.0,2958552
41297-092-L,22.0,2674702
41297-092-M,22.0,2674763
41297-092-S,22.0,2674781
41297-092-XL,22.0,2674668
41297-1182-L,22.0,3003877
41297-1182-M,22.0,3003886
41297-721-L,22.0,3016917
41297-721-M,22.0,2674756
41297-721-S,22.0,2674820
41298-019-S,23.0,3118254
41298-1000-M,24.0,2670285
41298-1000-S,24.0,2670315
41298-1263-M,24.0,2958127
41298-134-L,24.0,3016948
41298-134-M,24.0,2958192
41298-134-S,24.0,2958208
41298-186-M,24.0,2621961
41298-186-S,24.0,2621766
41298-186-XL,24.0,3016946
41298-721-M,24.0,3017083
41298-721-S,23.0,2670354
42020-020-L,36.0,3721128
42020-020-M,33.0,3721113
42020-701-L,36.0,3721149
42020-701-M,33.0,3721125
42020-701-XL,30.0,3721108
42022-018-L-R,24.0,2581493
42022-018-M-R,24.0,2670404
42022-018-S-R,24.0,2757154
42022-018-XL-R,24.0,2581422
42022-019-L-R,24.0,2712634
42022-019-M-R,24.0,2670451
42022-019-XL-R,24.0,2910919
42022-160-3XL-R,24.0,2757130
42022-160-M-R,24.0,2712657
42022-160-S-R,24.0,2757172
42022-160-XS-R,1.0,2958245
42022-190-L-R,24.0,2670459
42022-190-M-R,48.0,2670478
42022-190-S-R,9.0,2670483
42022-190-XL-R,11.0,2670484
42022-724-2XL-R,14.0,2670485
42022-724-3XL-R,1.0,3759222
42022-724-L-R,48.0,2672423
42022-724-M-R,48.0,2672462
42022-724-XL-R,35.0,2705205
42056-010-2XL,18.0,3156024
42056-010-3XL,16.0,2672554
42056-010-L,20.0,2902376
42056-010-M,20.0,3541520
42056-010-XL,18.0,3155988
42056-010-XS,20.0,2902432
42056-019-2XL,18.0,4068825
42056-019-L,20.0,4068958
42056-019-M,20.0,3205554
42056-019-S,20.0,3205565
42056-019-XL,18.0,4068658
42056-019-XS,20.0,2718052
42056-160-2XL,18.0,4093023
42056-160-L,20.0,3685951
42056-160-S,20.0,4093101
42056-477-XS,20.0,4202696
42056-692-XL,18.0,2858231
42056-724-2XL,18.0,4202813
42056-724-L,20.0,4068735
42056-724-M,20.0,3541299
42056-724-S,20.0,4202775
42056-724-XL,18.0,4202776
42056-724-XS,20.0,3979163
42056-860-S,3.0,1937028
42056-860-XS,3.0,1937020
42196-019-L-R,11.0,1856857
42196-019-S-R,4.0,1865936
42196ABR-750-L-R,22.0,2874287
42196ABR-750-XL-R,22.0,2874264
42197-019-2XL-R,20.0,4246591
42197-019-L-R,34.0,4246592
42197-019-M-R,30.0,4246578
42197-019-S-R,30.0,4246582
42197-019-XL-R,24.0,4246594
42197-092-2XL-R,24.0,2874152
42197-092-3XL-R,22.0,2874297
42197-092-XL-R,24.0,2874299
42197-160-2XL-R,22.0,4246593
42197-160-L-R,20.0,2674741
42197-160-M-R,30.0,4246577
42197-160-S-R,22.0,4246579
42197-160-XL-R,22.0,3088238
42197-186-2XL-R,24.0,2712709
42197-186-3XL-R,24.0,2757124
42197-186-L-R,20.0,3088538
42197-186-XL-R,20.0,3088515
42197-186-XS-R,30.0,2874286
42197-477-L-R,20.0,2674743
42197-477-M-R,20.0,2674727
42197-477-S-R,22.0,3088457
42197-477-XL-R,20.0,2674625
42197-724-2XL-R,22.0,2874179
42197-724-XL-R,24.0,2874177
42197-724-XS-R,20.0,2405713
42197MC-169-2XL-R,24.0,2958498
42197MC-169-3XL-R,24.0,2958264
42197MC-169-L-R,30.0,2958504
42197MC-169-M-R,30.0,2958486
42197MC-169-S-R,30.0,3016941
42197MC-169-XL-R,24.0,2958529
42197MC-169-XS-R,30.0,2958487
42199-1129-S,24.0,2652541
42199-1232-2XL,18.0,2651723
42199-1232-M,24.0,2621690
42199-1232-S,24.0,2621720
43064ABR-019-36,20.0,2859916
43064ABR-019-38,19.0,2708753
43064ABR-019-40,20.0,2708749
43064ABR-1012-30,20.0,2831091
43064ABR-1012-32,20.0,2708985
43064ABR-1012-34,20.0,2708754
43064ABR-1012-40,20.0,2831078
43064ABR-186-32,20.0,3033355
43064ABR-186-34,20.0,3033343
456789,1.0,2480529
48016-724-2XL,192.0,2699706
48016-724-S,11.0,2750134
48016ABR-019-2XL,24.0,2722402
48016ABR-019-L,24.0,2722406
48016ABR-019-M,24.0,2722384
48016ABR-019-XL,24.0,2722389
48016ABR-019-XS,24.0,2722392
48016ABR-724-L,24.0,2722394
48016ABR-724-M,24.0,2722400
48026ABR-019-2XL,10.0,3314583
48026ABR-019-3XL,10.0,3314588
48026ABR-019-L,10.0,3314581
48026ABR-019-M,10.0,3314611
48026ABR-019-S,10.0,3314782
48026ABR-019-XL,10.0,3314576
48026ABR-019-XS,10.0,2784626
48063-724-S,3.0,1937043
48063-724-XS,12.0,2703017
48073-724-XL,4.0,1865942
48112ABR-019-2XL,14.0,3205284
48112ABR-019-3XL,14.0,3204979
48112ABR-019-L,15.0,3418704
48112ABR-019-M,15.0,3204861
48112ABR-019-S,15.0,3204985
48112ABR-019-XL,14.0,3204933
48112ABR-191-L,15.0,3204982
48112ABR-191-M,15.0,3205227
48112ABR-191-XL,14.0,3204846
48112ABR-724-L,15.0,3095786
48112ABR-724-M,15.0,3095777
48112ABR-724-S,15.0,2738978
48112ABR-724-XL,15.0,2688323
48152ABR-019-2XL,6.0,3538761
48152ABR-019-3XL,6.0,3538842
48152ABR-019-L,6.0,2959070
48152ABR-019-M,6.0,2959192
48152ABR-019-S,6.0,2959140
48152ABR-019-XL,6.0,2959217
48152ABR-120-L,6.0,3538885
48152ABR-120-M,6.0,3539051
48152ABR-120-S,6.0,3538904
48152ABR-120-XL,6.0,3538781
48152ABR-192-2XL,6.0,3119715
48152ABR-192-L,6.0,3119747
48152ABR-192-M,6.0,3119874
48152ABR-192-S,6.0,3119689
48152ABR-192-XL,6.0,3119752
48152ABR-192-XS,6.0,2715423
48152ABR-724-2XL,6.0,2959223
48152ABR-724-3XL,6.0,2959348
48152ABR-724-L,6.0,3119726
48152ABR-724-M,6.0,2725090
48152ABR-724-S,6.0,2959026
48152ABR-724-XL,6.0,2959357
48153-724-XS,3.0,1936930
48153ABR-019-2XL,6.0,2549369
48153ABR-019-3XL,6.0,2549141
48153ABR-019-L,6.0,3207383
48153ABR-019-M,6.0,3015034
48153ABR-019-S,42.0,2477615
48153ABR-019-XL,30.0,2549424
48153ABR-724-2XL,6.0,2725069
48153ABR-724-3XL,6.0,2725141
48153ABR-724-L,6.0,2725072
48153ABR-724-M,6.0,2715913
48153ABR-724-S,6.0,2725132
48153ABR-724-XL,6.0,2409731
48153ABR-724-XS,6.0,2756342
48167ABR-019-3XL,1.0,3278512
48249-019-2XL-R,22.0,2652662
48249-019-3XL-R,3.0,1936938
48249-019-L-R,36.0,2652087
48249-019-M-R,36.0,2651971
48249-019-XL-R,36.0,2651967
48249-092-2XL-R,23.0,2652819
48249-092-L-R,36.0,2652066
48249-092-M-R,36.0,2652064
48249-092-XL-R,36.0,2651963
48249-186-2XL-R,36.0,2652091
48249-186-L-R,36.0,2651970
48249-186-M-R,36.0,2652070
48249-186-XL-R,36.0,2652090
48249-724-3XL-R,4.0,1865986
48249-724-M-R,17.0,2652677
48249-724-XL-R,16.0,2652712
48252-019-30-32,16.0,3481498
48252-019-30-34,16.0,2962434
48252-019-32-30,16.0,3481499
48252-019-34-30,16.0,2961988
48252-019-36-34,16.0,2961770
48252-019-38-32,16.0,2961786
48252-019-40-30,16.0,2961797
48252-019-40-36,4.0,2962009
48252-019-44-32,16.0,2961859
48252-055-30-30,16.0,2961793
48252-055-32-30,16.0,2961977
48252-055-32-32,16.0,3261938
48252-055-32-36,16.0,2962095
48252-055-34-30,16.0,2962042
48252-055-34-32,16.0,3261909
48252-055-34-36,16.0,2961872
48252-055-36-36,16.0,2962002
48252-055-38-36,16.0,2961881
48252-055-42-34,2.0,3415085
48252-055-44-32,16.0,2961866
48252-186-30-32,16.0,3481517
48252-186-30-34,16.0,2961970
48252-186-32-30,16.0,2961837
48252-186-32-32,16.0,3481502
48252-186-32-34,16.0,2961886
48252-186-32-36,16.0,2603928
48252-186-34-30,16.0,3414993
48252-186-34-32,16.0,3261930
48252-186-36-32,16.0,3261939
48252-186-36-34,16.0,3481503
48252-186-38-36,16.0,2961795
48252-186-40-36,16.0,2961855
48252-724-30-30,16.0,3414990
48252-724-30-32,16.0,2886508
48252-724-30-34,16.0,2961876
48252-724-32-30,16.0,3415028
48252-724-32-32,16.0,3415027
48252-724-32-34,16.0,3415083
48252-724-34-30,16.0,2886521
48252-724-34-32,16.0,3415014
48252-724-34-34,16.0,3415076
48252-724-34-36,16.0,3415079
48252-724-36-30,16.0,2962199
48252-724-36-32,16.0,3415005
48252-724-36-34,16.0,2886544
48252-724-36-36,16.0,2961829
48252-724-38-30,16.0,3415036
48252-724-38-32,16.0,3415037
48252-724-38-34,16.0,2961845
48252-724-40-32,16.0,2961858
48252-724-40-36,16.0,2601183
48252-724-44-30,10.0,2603932
48331-019-S,18.0,2672629
48333-724-3XL,3.0,1937007
48353-186-XS,3.0,1937014
48353ABR-019-XL,12.0,3598072
48353ABR-186-2XL,12.0,2887624
48353ABR-186-L,12.0,2887623
48353ABR-186-M,12.0,2887666
48353ABR-186-S,12.0,2757206
48353ABR-186-XL,12.0,2887640
48353ABR-186-XS,12.0,2887644
48357-724-2XL-R,3.0,1937000
48358-477-3XL,3.0,1865696
48358-724-L,6.0,3617966
48358ABR-019-2XL,6.0,3958621
48358ABR-019-3XL,6.0,3958815
48358ABR-019-L,6.0,3959058
48358ABR-019-M,6.0,3960168
48358ABR-019-S,6.0,3959050
48358ABR-019-XL,6.0,3960613
48358ABR-477-2XL,6.0,3960085
48358ABR-477-3XL,3.0,3646534
48358ABR-477-L,6.0,3646506
48358ABR-477-M,6.0,4073727
48358ABR-477-S,6.0,4073539
48358ABR-477-XL,6.0,3646446
48358ABR-724-2XL,6.0,3959746
48358ABR-724-3XL,6.0,3959760
48358ABR-724-L,6.0,3960526
48358ABR-724-M,6.0,3959753
48358ABR-724-S,6.0,3958504
48358ABR-724-XL,6.0,3960239
48358ABR-724-XS,6.0,3960086
48360-724-2XL-R,6.0,2099868
48360-724-3XL-R,6.0,2099855
48360-724-L-R,6.0,2061314
48360-724-XL-R,6.0,1808040
48360ABR-019-2XL-R,6.0,2986844
48360ABR-019-3XL-R,6.0,2987026
48360ABR-019-L-R,6.0,2986876
48360ABR-019-M-R,6.0,2986885
48360ABR-019-S-R,6.0,2987325
48360ABR-019-XL-R,6.0,2986979
48360ABR-019-XS-R,2.0,3278979
48360ABR-724-2XL-R,6.0,3278483
48360ABR-724-3XL-R,6.0,3119933
48360ABR-724-L-R,6.0,3207266
48360ABR-724-M-R,6.0,3278480
48360ABR-724-S-R,6.0,3119792
48360ABR-724-XL-R,6.0,3119734
48360ABR-724-XS-R,6.0,3278507
48362-019-XS,3.0,1937033
48362ABR-019-L,20.0,3265160
48362ABR-019-M,20.0,3265189
48362ABR-019-S,20.0,3264657
48362ABR-019-XL,20.0,3263191
48362ABR-186-2XL,20.0,3264663
48362ABR-186-L,20.0,3263178
48362ABR-186-M,20.0,3265176
48362ABR-186-S,20.0,3265197
48362ABR-186-XL,20.0,3264700
48362ABR-724-L,20.0,3263077
48362ABR-724-M,20.0,3265155
48362ABR-724-S,20.0,3265185
48362ABR-724-XL,20.0,3265191
48364-019-2XL,25.0,3984781
48364-019-S,17.0,3726922
48364-019-XS,5.0,1865843
48364ABR-019-2XL,9.0,2869072
48364ABR-019-L,9.0,2868642
48364ABR-019-M,9.0,2548821
48364ABR-019-S,9.0,2868963
48364ABR-019-XL,9.0,2868908
48364ABR-186-2XL,9.0,2869666
48364ABR-186-L,9.0,2869153
48364ABR-186-M,9.0,2868905
48364ABR-186-S,9.0,2869190
48364ABR-186-XL,9.0,2869103
48372ABR-019-L,16.0,4023566
48372ABR-724-L,16.0,3454967
48372ABR-724-M,16.0,3454437
48372ABR-724-S,16.0,3454426
48372ABR-724-XL,16.0,3454429
48373ABR-019-2XL,15.0,3598093
48373ABR-019-3XL,15.0,3960501
48373ABR-019-L,15.0,4220129
48373ABR-019-M,15.0,3960499
48373ABR-019-S,15.0,4220184
48373ABR-019-XL,15.0,3598043
48373ABR-186-L,15.0,3282740
48373ABR-186-S,15.0,3282757
48373ABR-186-XL,15.0,3282731
48373ABR-724-2XL,15.0,3300019
48373ABR-724-3XL,15.0,3300366
48373ABR-724-L,15.0,3300270
48373ABR-724-M,15.0,3300325
48373ABR-724-S,15.0,3300341
48373ABR-724-XL,15.0,3300333
48374-019-2XL,21.0,3482139
48374-092-L,72.0,760286
48374-092-M,60.0,576166
48374-092-XL,6.0,3505725
48374ABR-019-2XL,6.0,2938816
48374ABR-019-3XL,6.0,2938823
48374ABR-019-L,6.0,2703975
48374ABR-019-M,72.0,2938860
48374ABR-019-S,6.0,2939114
48374ABR-019-XL,72.0,2938840
48374ABR-019-XS,6.0,2704181
48374ABR-092-2XL,6.0,2701180
48374ABR-092-3XL,6.0,2939108
48374ABR-092-L,6.0,2944115
48374ABR-092-M,6.0,2943982
48374ABR-092-S,6.0,2943941
48374ABR-092-XL,6.0,2943990
48374ABR-186-2XL,6.0,2938932
48374ABR-186-L,6.0,2701692
48374ABR-186-S,6.0,2938951
48374ABR-186-XL,6.0,2701828
48375-019-L,108.0,579280
48375ABR-019-2XL,12.0,2869339
48375ABR-019-3XL,12.0,2607137
48375ABR-019-L,12.0,2959126
48375ABR-019-M,12.0,3442152
48375ABR-019-S,12.0,3442128
48375ABR-019-XL,12.0,2869325
48375ABR-092-2XL,12.0,2607144
48375ABR-092-3XL,12.0,2607696
48375ABR-092-L,12.0,2607252
48375ABR-092-M,12.0,2607700
48375ABR-092-XL,12.0,2607319
48375ABR-186-2XL,12.0,3442272
48375ABR-186-3XL,12.0,2869344
48375ABR-186-L,12.0,2869313
48375ABR-186-M,12.0,2869260
48375ABR-186-S,12.0,2869286
48375ABR-186-XL,12.0,2869287
48378-019-XL,5.0,1860247
48378-724-L,3.0,1856919
48378-724-M,12.0,3551217
48378-724-XL,3.0,1853580
48378ABR-019-S,6.0,3120192
48378ABR-724-2XL,4.0,3207389
48378ABR-724-L,12.0,3207382
48378ABR-724-M,12.0,2780654
48378ABR-724-S,12.0,2780649
48378ABR-724-XL,12.0,2780295
48379-693-L,9.0,1857016
48379ABR-724-M,12.0,3277963
48390-019-2XL,18.0,2727387
48390-019-L,18.0,2786859
48390-019-M,18.0,2786896
48390-019-S,18.0,2787205
48390-019-XL,18.0,2786865
48390-186-2XL,18.0,2727326
48390-186-L,18.0,2787184
48390-186-M,18.0,2786872
48390-186-XL,18.0,2787222
48390-724-2XL,18.0,2727389
48390-724-3XL,3.0,1936705
48390-890-3XL,4.0,1936502
48393-019-2XL-R,15.0,2672650
48393-019-3XL-R,16.0,2672657
48393ABR-019-2XL-R,12.0,2599458
48393ABR-019-3XL-R,12.0,2599360
48393ABR-019-L-R,12.0,2599464
48393ABR-019-M-R,12.0,3960514
48393ABR-019-S-R,12.0,3960523
48393ABR-019-XL-R,12.0,3960493
48393ABR-092-2XL-R,12.0,3960400
48393ABR-092-3XL-R,12.0,3960404
48393ABR-092-L-R,12.0,3960397
48393ABR-092-M-R,12.0,3960395
48393ABR-092-S-R,12.0,3960436
48393ABR-092-XL-R,12.0,3960431
48393ABR-186-2XL-R,12.0,2645002
48393ABR-186-3XL-R,12.0,2645014
48393ABR-186-L-R,84.0,2761592
48393ABR-186-M-R,12.0,2644984
48393ABR-186-S-R,12.0,2644985
48393ABR-186-XL-R,12.0,2645001
48393ABR-186-XS-R,8.0,2644979
48393ABR-724-2XL-R,12.0,2599176
48393ABR-724-3XL-R,12.0,2599218
48393ABR-724-L-R,12.0,2599167
48393ABR-724-M-R,12.0,2599395
48393ABR-724-S-R,12.0,2599232
48393ABR-724-XL-R,12.0,2599183
48396-019-2XL-R,14.0,2787172
48396-019-L-R,14.0,2787288
48396-019-M-R,14.0,2929374
48396-019-S-R,14.0,2786650
48396-019-XL-R,14.0,2786666
48396-019-XS-R,14.0,2787170
48396-186-2XL-R,14.0,2786551
48396-186-L-R,14.0,2786536
48396-186-M-R,14.0,2601422
48396-186-S-R,14.0,2786663
48396-186-XL-R,14.0,2787200
48396-186-XS-R,14.0,2787192
48396-724-2XL-R,14.0,2786560
48396-724-3XL-R,14.0,2601809
48396-724-L-R,14.0,2787235
48396-724-M-R,14.0,2601224
48396-724-S-R,14.0,2929346
48396-724-XL-R,14.0,2601446
48396EU-858-2XL-R,14.0,2929459
48396EU-858-3XL-R,14.0,2928960
48396EU-858-L-R,14.0,2929514
48396EU-858-M-R,14.0,2929629
48396EU-858-S-R,14.0,2929571
48396EU-858-XL-R,14.0,2929451
48397-019-2XL,10.0,2615922
48397-019-3XL,10.0,2615644
48397-019-L,10.0,2615731
48397-019-M,10.0,3457948
48397-019-S,10.0,2615895
48397-019-XL,10.0,2615733
48397-019-XS,10.0,2615506
48397-186-2XL,10.0,2615740
48397-186-3XL,10.0,2615728
48397-186-L,10.0,2615690
48397-186-M,10.0,2615907
48397-186-S,10.0,2615918
48397-186-XL,10.0,2615492
48397-186-XS,10.0,2615767
48398-186-2XL,12.0,2599615
48398-186-L,12.0,2599358
48398-186-M,120.0,2616652
48398-186-S,11.0,2599417
48398-186-XL,12.0,2599591
500001,1.0,3332777
500003,1.0,3865048
500006,4.0,3898044
500007,4.0,3897954
500008,1.0,3332673
500009,1.0,3867224
51152-134-1 SZ,50.0,4134574
51158-019-1 SZ,50.0,2630414
51173-186-1 SZ,16.0,4039539
53383-019-1 SZ,12.0,3176981
53442-019-1 SZ,64.0,3507261
53444-010-1 SZ,36.0,3927871
53445-019-1 SZ,26.0,3896726
53446-186-1 SZ,48.0,3475556
53447-019-1 SZ,24.0,3496814
56054GB-019-1 SZ,9.0,1837405
56056GB-019-1 SZ,8.0,1857012
56061-019-1 SZ,198.0,3629213
56100-092-1 SZ,80.0,1997111
56100-186-1 SZ,110.0,2719095
56100ABR-092-1 SZ,80.0,2868682
56100ABR-134-1 SZ,80.0,2867488
56100ABR-186-1 SZ,80.0,2330507
56121ABR-019-1 SZ,150.0,4289322
56161ABR-019-1 SZ,60.0,2688500
56162ABR-019-1 SZ,50.0,3993028
56180ABR-019-1 SZ,240.0,4092395
56181ABR-019-1 SZ,80.0,3118803
56246ABR-019-1 SZ,60.0,4220285
56247ABR-019-1 SZ,50.0,3597443
56294ABR-019-1 SZ,72.0,3251950
56300ABR-134-1 SZ,24.0,2880182
56300ABR-186-1 SZ,24.0,2880194
56385-169-1 SZ,50.0,3518906
56385ABR-169-1 SZ,80.0,2882621
56427ABR-019-1 SZ,70.0,2722184
56427ABR-134-1 SZ,70.0,2463827
56427ABR-186-1 SZ,70.0,2722187
56429ABR-134-1 SZ,495.0,2722198
56435ABR-186-1 SZ,16.0,2397055
56444SGABR-037-1 SZ,30.0,4031173
56474ABR-787-1 SZ,51.0,3966858
56475ABR-019-1 SZ,6.0,3294405
56475ABR-134-1 SZ,4.0,2714132
56476ABR-019-1 SZ,6.0,3225623
56476ABR-134-1 SZ,5.0,2596638
56477ABR-019-1 SZ,9.0,3671098
56489ABR-019-1 SZ,40.0,2721996
56546-186-L,9.0,1853505
56546-186-S/M,20.0,3311046
56555-134-L/XL,2.0,3772845
56555-134-S/M,20.0,1881130
56555ABR-019-L/XL,18.0,2722152
56555ABR-019-S/M,2.0,3414025
56555ABR-134-L/XL,24.0,2935629
56555ABR-134-S/M,24.0,2597354
56555ABR-186-L/XL,3.0,4074250
56555ABR-186-S/M,2.0,4074019
56561ABR-026-1 SZ,80.0,2720543
56561ABR-134-1 SZ,80.0,2759604
56561ABR-186-1 SZ,80.0,2880302
56561WLABR-938-1 SZ,80.0,2309582
56563ABR-019-1 SZ,48.0,3166652
56563ABR-1016-1 SZ,6.0,3584295
56563ABR-134-1 SZ,48.0,2895646
56563ABR-560-1 SZ,6.0,3647292
56563PABR-1351-1 SZ,6.0,2729451
56563WL-938-1 SZ,6.0,3506427
56564ABR-169-1 SZ,48.0,2495001
56564ABR-251-1 SZ,6.0,3452941
56565ABR-019-1 SZ,40.0,2858553
56565ABR-026-1 SZ,40.0,3039887
56635ABR-019-1 SZ,24.0,4031255
56647ABR-019-1 SZ,80.0,3574967
56649ABR-019-1 SZ,80.0,3203915
56649ABR-186-1 SZ,80.0,2845941
56652ABR-019-1 SZ,60.0,4289278
56652ABR-134-1 SZ,60.0,2627097
56653ABR-019-1 SZ,60.0,4289295
56655ABR-019-1 SZ,80.0,4220217
56657ABR-019-1 SZ,20.0,2880133
56657ABR-134-1 SZ,20.0,2718217
56657ABR-186-1 SZ,20.0,2758387
56658ABR-019-1 SZ,20.0,2722244
56658ABR-134-1 SZ,20.0,2722248
56658ABR-186-1 SZ,20.0,2722224
56659ABR-019-1 SZ,80.0,4289657
56660ABR-019-1 SZ,80.0,4289274
56660ABR-186-1 SZ,80.0,2795523
56661ABR-019-1 SZ,20.0,4260137
56662-134-1 SZ,320.0,1883252
56662-186-1 SZ,21.0,1853479
56662ABR-019-1 SZ,20.0,2882244
56662ABR-186-1 SZ,20.0,2882243
56664-134-2XL,12.0,3920578
56664ABR-134-2XL,25.0,3646709
56664ABR-134-L,25.0,3010622
56664ABR-134-M,25.0,3010610
56664ABR-134-S,25.0,3010656
56664ABR-134-XL,25.0,3010222
56664ABR-186-S,25.0,3081665
56664ABR-186-XL,25.0,3646817
56664MC-169-S,4.0,1936556
56664MCABR-169-L,25.0,3081889
56664MCABR-169-M,25.0,3081467
56664MCABR-169-S,25.0,3081470
56665ABR-019-1 SZ,20.0,2867667
56668ABR-019-1 SZ,80.0,2397162
56668ABR-134-1 SZ,80.0,2545505
56668ABR-186-1 SZ,80.0,2660238
56669ABR-186-1 SZ,80.0,2760105
56675-019-1 SZ,30.0,2632445
56675-092-1 SZ,60.0,2632568
56675-186-1 SZ,540.0,4031464
56675-724-1 SZ,1200.0,2328676
56677ABR-134-1 SZ,100.0,2880224
56677ABR-186-1 SZ,100.0,2935970
56678ABR-134-1 SZ,80.0,2760101
56680ABR-134-1 SZ,30.0,2760062
56680ABR-186-1 SZ,30.0,2397128
56681MC-169-1 SZ,5.0,1860212
56682ABR-134-1 SZ,100.0,3405762
56682MC-169-1 SZ,48.0,2666291
56693ABR-019-1 SZ,80.0,3865600
56693ABR-721-1 SZ,8.0,2952268
56693MCABR-251-1 SZ,48.0,2602320
56694-019-1 SZ,218.0,568927
56704ABR-019-1 SZ,40.0,3978882
56704ABR-134-1 SZ,400.0,3053137
56704ABR-186-1 SZ,40.0,3073400
56709ABR-019-1 SZ,40.0,2880308
56709ABR-186-1 SZ,40.0,2880278
56714ABR-169-1 SZ,100.0,2936078
56717-019-1 SZ,4.0,3894041
56717-474-1 SZ,13.0,3894837
56717-758-1 SZ,32.0,2077568
56717ABR-019-1 SZ,24.0,2440891
56717ABR-474-1 SZ,32.0,2961642
56717ABR-758-1 SZ,32.0,2631907
56718-019-1 SZ,32.0,1931939
56718-474-1 SZ,4.0,3432646
56718-758-1 SZ,4.0,2160310
56718ABR-019-1 SZ,32.0,2691357
56718ABR-474-1 SZ,32.0,2727508
56718ABR-758-1 SZ,32.0,2727203
56749ABR-019-1 SZ,20.0,2727529
56753ABR-134-1 SZ,100.0,2720552
56753ABR-186-1 SZ,100.0,2937263
56753MCABR-169-1 SZ,86.0,2880369
56754ABR-019-1 SZ,60.0,3073404
56754ABR-134-1 SZ,60.0,2983207
56754ABR-186-1 SZ,60.0,2937250
56754MCABR-169-1 SZ,60.0,3251741
56756-134-1 SZ,10.0,2750637
56756-186-1 SZ,9.0,1837438
56756N-186-1 SZ,60.0,2601356
56764ABR-134-1 SZ,36.0,2881594
56768ABR-098-L/XL,32.0,3331671
56768ABR-367-L/XL,4.0,2760025
56768ABR-367-S/M,4.0,2760046
56771ABR-134-1 SZ,40.0,3251770
56782-366-1 SZ,72.0,3163255
56783-019-1 SZ,72.0,4069436
56785-019-S,3.0,1936693
56785ABR-186-2XL,25.0,3081594
56785ABR-186-L,25.0,3081611
56785ABR-186-M,25.0,3081488
56785ABR-186-S,25.0,3081466
56785ABR-186-XL,25.0,3081585
56785MCABR-169-2XL,25.0,3082101
56785MCABR-169-L,25.0,3082079
56785MCABR-169-M,25.0,3082088
56785MCABR-169-S,25.0,3082080
56785MCABR-169-XL,25.0,3082038
56790-098-1 SZ,5.0,1860235
56803-098-1 SZ,50.0,2758279
56804-019-S,6.0,1837441
56804-134-2XL,50.0,2630882
56804-134-L,50.0,2630888
56804-134-M,50.0,2631019
56804-134-S,50.0,2631023
56804-186-L,6.0,1837450
56804-186-M,6.0,1837451
56804-186-S,4.0,1936462
56804ABR-019-L,50.0,3010650
56804ABR-019-M,50.0,3010189
56804ABR-019-S,50.0,3010659
56804ABR-019-XL,50.0,3010658
56804ABR-134-M,50.0,3082087
56804ABR-134-XL,50.0,3082092
56804ABR-186-M,50.0,3082095
56804ABR-186-XL,50.0,3082040
56805-014-1 SZ,10.0,1837410
56806-019-1 SZ,100.0,3139737
56806-134-1 SZ,100.0,3139706
56807-134-1 SZ,100.0,3139689
56810ABR-019-1 SZ,10.0,3550605
56810ABR-026-1 SZ,70.0,3092137
56810ABR-134-1 SZ,80.0,2718099
56810WLABR-938-1 SZ,80.0,2330547
56811ABR-019-1 SZ,20.0,3294517
56811ABR-186-1 SZ,20.0,2882237
56812ABR-019-1 SZ,60.0,3082938
56812ABR-134-1 SZ,60.0,2845864
56812ABR-186-1 SZ,60.0,2884416
56813ABR-019-1 SZ,20.0,3082895
56813ABR-186-1 SZ,20.0,3082884
56814ABR-019-1 SZ,80.0,2722283
56814ABR-134-1 SZ,80.0,2845919
56814ABR-186-1 SZ,80.0,2845858
56818ABR-098-1 SZ,16.0,2606540
56831ABR-134-1 SZ,80.0,2463845
56831ABR-186-1 SZ,80.0,2463821
56835MCN-169-1 SZ,50.0,2601351
56840-019-1 SZ,64.0,2604943
56840-1004-1 SZ,64.0,2952069
56841-1004-1 SZ,50.0,2952132
56842-1004-1 SZ,240.0,3010391
56843-098-1 SZ,140.0,2856146
56843ABR-098-1 SZ,20.0,3073291
56844-098-1 SZ,15.0,4230924
56844ABR-098-1 SZ,15.0,2880291
56845ABR-089-1 SZ,60.0,2722220
56846ABR-541-1 SZ,55.0,3408504
56847ABR-678-1 SZ,450.0,3352220
56850ABR-541-1 SZ,50.0,2463798
56851ABR-831-1 SZ,50.0,2597310
56852ABR-678-1 SZ,50.0,3783732
56947ABR-019-1 SZ,32.0,2523467
56961ABR-019-1 SZ,42.0,4065190
56961ABR-282-1 SZ,48.0,3166584
56963ABR-134-1 SZ,120.0,2350779
56964ABR-019-1 SZ,50.0,2728950
56964MCABR-169-1 SZ,60.0,3685802
57102ABR-186-1 SZ,80.0,2844603
57102MCABR-169-1 SZ,80.0,2708923
57103ABR-134-1 SZ,320.0,2219079
57107-019-L/XL,10.0,2781756
57107-019-S/M,10.0,2952104
57107-134-L/XL,10.0,2781679
57107-134-S/M,10.0,2781747
57107MCN-169-L/XL,10.0,2952407
57107MCN-169-S/M,10.0,2952406
57107N-186-L/XL,10.0,2781763
57107N-186-S/M,10.0,2781754
57109P-1351-1 SZ,25.0,4031131
57115-019-1 SZ,40.0,2599269
57115-186-1 SZ,160.0,2599255
57115MC-169-1 SZ,160.0,2336332
57118-098-1 SZ,48.0,3574870
57126-019-1 SZ,100.0,2149955
5830029-019-L,50.0,3420744
5830029-019-M,50.0,3420761
5830029-134-L,50.0,3203906
5830030-019-L,50.0,2883859
5830030-019-XL,48.0,2883848
5830031-1726-L,25.0,2897780
5830072-019-1 SZ,25.0,3404657
5860084-134-1 SZ,60.0,3167110
5860084-186-1 SZ,60.0,3251766
5860084MC-169-1 SZ,60.0,2936139
5860086-019-1 SZ,180.0,4232319
5860102-019-1 SZ,50.0,3567849
5860104-019-1 SZ,50.0,2606571
5860111EU-092-L,36.0,3992849
5860111EU-092-M,36.0,3992964
5860118-098-1 SZ,5.0,2936995
5860121-019-1 SZ,48.0,3010181
5860122-019-1 SZ,30.0,3233013
5860127-170-1 SZ,60.0,2918619
5860128-042-1 SZ,6.0,3507731
5860128-787-1 SZ,54.0,3523627
5860129-019-1 SZ,66.0,3773570
5860129-787-1 SZ,95.0,3894167
5860132-098-1 SZ,48.0,2936551
5860132-831-1 SZ,28.0,3894216
5860133-098-1 SZ,54.0,3088691
5860133-831-1 SZ,33.0,3893888
5860153-019-1 SZ,80.0,3865793
5860158-831-L/XL,4.0,2729452
5860159-1295-L/XL,4.0,2729475
5860196-098-L/XL,20.0,2753391
5860196-098-M,20.0,2753417
5860196-098-S,20.0,2753411
5860196-400-S,20.0,2753398
5860206-019-1 SZ,3.0,3894668
5860219-019-1 SZ,1000.0,2902668
58604ABR-018-1 SZ,300.0,4092536
58631ABR-019-REG,200.0,2860628
58642-134-S/M,30.0,2634140
58642ABR-019-S/M,50.0,3073265
58713ABR-019-1 SZ,40.0,4289868
58713ABR-134-1 SZ,40.0,2718281
58713ABR-186-1 SZ,40.0,4289286
58715ABR-019-1 SZ,40.0,4290017
58715ABR-134-1 SZ,40.0,2463295
58718ABR-019-1 SZ,60.0,3648295
58722ABR-019-1 SZ,60.0,2974153
58724SGABR-037-1 SZ,40.0,3830279
59012ABR-019-1 SZ,54.0,4092223
59049ABR-019-1 SZ,16.0,4092630
59120-019-1 SZ,900.0,2219238
59379-019-2XL,72.0,2465663
59379-019-L,72.0,3830345
59379-019-M,72.0,2465618
59379-019-S,72.0,2466022
59379-019-XL,72.0,2465907
59379-134-M,72.0,2466016
59379-186-L,72.0,2465658
59379-186-XL,72.0,2466015
59380-019-L,72.0,2394730
59380-019-M,72.0,2394811
59380-019-S,72.0,2394761
59385ABR-019-2XL,72.0,2043475
59385ABR-019-L,72.0,2394840
59385ABR-019-M,72.0,2394814
59385ABR-019-S,72.0,2394829
59385ABR-019-XL,72.0,2394821
59386ABR-019-2XL,72.0,2703795
59386ABR-019-L,72.0,2703798
59386ABR-019-M,72.0,2703793
59386ABR-019-S,72.0,2672909
59386ABR-019-XL,72.0,2703801
59386ABR-134-2XL,72.0,2465608
59386ABR-134-L,72.0,2465600
59386ABR-134-S,72.0,2465619
59386ABR-134-XL,72.0,2465614
59387ABR-019-L,72.0,2651827
59387ABR-019-M,72.0,2651823
59387ABR-019-S,72.0,2651825
59387ABR-019-XL,72.0,2651821
59389-019-L,72.0,2394624
59389-019-M,72.0,2394629
59389-019-XL,72.0,2394635
59389-134-2XL,72.0,2394524
59389-134-L,72.0,2394543
59389-134-M,72.0,2394595
59389-134-XL,72.0,2394599
59392-019-2XL,72.0,2394486
59392-019-L,72.0,2394539
59392-019-M,72.0,2660277
59392-019-S,72.0,2394481
59392-019-XL,72.0,2660323
59392-134-L,72.0,2387343
59392-134-M,72.0,2387338
59393-019-L,72.0,2660330
59393-019-M,64.0,2660352
59393-019-S,48.0,2666288
59393-019-XL,54.0,2665991
59394-019-L,72.0,3339977
59394-019-M,72.0,3646498
59394-019-S,72.0,1629234
59394-134-M,72.0,3647341
59394-186-S,72.0,1629120
59394SG-037-M,72.0,3646463
59394SG-037-S,72.0,3646465
59395-019-S,38.0,3830350
59396ABR-019-1 SZ,240.0,2952377
59396ABR-134-1 SZ,20.0,2882551
59396ABR-724-1 SZ,20.0,2882635
59397ABR-019-L,72.0,2394855
59397ABR-019-M,72.0,2465607
59397ABR-019-XL,72.0,2395252
59397ABR-134-L,72.0,2465585
59397ABR-134-M,72.0,2465629
59397ABR-134-XL,72.0,2465636
59398ABR-019-2XL,72.0,2550030
59398ABR-019-L,144.0,2550004
59398ABR-019-M,144.0,2549988
59398ABR-019-S,72.0,2550015
59398ABR-019-XL,144.0,2549991
59399ABR-019-2XL,72.0,2550031
59399ABR-019-L,144.0,2550041
59399ABR-019-M,144.0,2550038
59399ABR-019-S,56.0,2550017
59399ABR-019-XL,144.0,2550035
59405-019-3XL,5.0,1860214
59405-019-L,50.0,3081882
59405-019-M,50.0,2953500
59405-019-S,50.0,3010543
59409-019-M,50.0,2953240
59409-019-XL,50.0,2953106
59409-134-M,50.0,3081869
59409-190-S,3.0,1936822
59501-109-4XL,3.0,1937056
59505ABR-019-2XL,25.0,2953392
59505ABR-019-3XL,25.0,2953334
59505ABR-019-4XL,25.0,2953205
59505ABR-019-L,25.0,2953299
59505ABR-019-XL,25.0,2953342
59510-134-L,29.0,2634159
59538-019-2XL,10.0,3081966
59538-019-L,50.0,3081970
59538-019-M,50.0,3081972
59538-019-XL,50.0,3646612
59538-134-2XL,50.0,2722616
59538-134-L,50.0,2722570
59538-134-M,50.0,2722572
59538-134-S,50.0,2722560
59538-134-XL,50.0,2848480
59548-1251-S-XL,50.0,2670060
59551-019-2XL,100.0,4164212
59551-019-3XL,100.0,4164150
59551-019-4XL,50.0,2395224
59551-019-L,100.0,4164010
59551-019-M,100.0,4164157
59551-019-S,100.0,4164148
59551-019-XL,100.0,4164203
59551-134-L,100.0,2848749
59551-134-M,100.0,2953093
59551-134-XL,100.0,3204025
59551-186-L,100.0,2722505
59551-186-M,100.0,2722509
59551-186-XL,100.0,2722511
59552-019-L,100.0,4164105
59552-019-XL,100.0,4164018
59552-134-L,50.0,2848915
59552-134-M,100.0,3081979
59552-134-S,50.0,2848648
59552-186-M,100.0,3082002
59567-134-M,50.0,3010582
59567-134-S,50.0,2848848
59568-134-M,50.0,3010631
59568-134-S,50.0,2722548
59568-186-M,50.0,2849643
59568-186-S,50.0,2848870
59569-019-3XL,50.0,2545491
59569-019-M,50.0,2397149
59569-019-S,50.0,2545509
59569-134-2XL,6.0,1837204
59569ABR-019-M,50.0,3010190
61041ABR-724-M,26.0,2785069
61041ABR-724-S,26.0,2785055
61041ABR-724-XL,26.0,2785047
61166-019-L,26.0,2634232
61166-724-L,26.0,4073726
61166-724-M,26.0,4074140
61166-724-S,26.0,4074049
61166EU-858-1X,26.0,3324772
61166EU-858-L,26.0,3324806
61166EU-858-M,26.0,3324725
61166EU-858-S,26.0,3324482
61166EU-858-XL,25.0,3324792
61325-055-S,4.0,1936604
62044NL-169-2XL-R,4.0,1866082
62044NL-169-L-L,11.0,1856734
62044NL-169-M-L,3.0,1937076
62046NL-169-2XL-L,3.0,1937106
62070ABR-162-L,18.0,2726447
62081ABR-186-L,20.0,2655719
62081ABR-186-M,20.0,2655721
62081ABR-186-S,20.0,2655547
62081ABR-186-XL,20.0,2655550
62417-678-L,6.0,1844422
62417-678-M,5.0,1837418
62417-678-S,5.0,1860285
62417-678-XL,3.0,1936958
62417-678-XS,3.0,1936960
62420ABR-019-XL-R,18.0,2841492
62420ABR-724-XL-R,8.0,2841507
62439-019-L-R,20.0,2846623
62439-019-M-R,20.0,2846636
62439-019-S-R,20.0,2846642
62439-186-L-R,20.0,2883197
62439-186-M-R,20.0,2883202
62439-186-S-R,20.0,2883182
62439-186-XS-R,20.0,3010266
63071-019-12,3.0,1936764
63071-162-14,3.0,1936768
63323-098-10,4.0,1936648
63323-098-12,3.0,1937133
63323-098-8,3.0,1937137
63323-956-10,3.0,1856367
64032NLABR-169-10-L,20.0,3278225
64032NLABR-169-10-R,20.0,3278209
64032NLABR-169-12-L,20.0,3278560
64032NLABR-169-12-R,20.0,3278118
64032NLABR-169-14-L,20.0,3278787
64032NLABR-169-14-R,20.0,3278551
64032NLABR-169-16-L,20.0,3278088
64032NLABR-169-16-R,20.0,3279053
64032NLABR-169-2-L,20.0,3278074
64032NLABR-169-2-R,20.0,3277976
64032NLABR-169-4-L,20.0,3278272
64032NLABR-169-4-R,20.0,3278554
64032NLABR-169-6-L,20.0,3278268
64032NLABR-169-6-R,20.0,3278962
64032NLABR-169-8-L,20.0,3278213
64032NLABR-169-8-R,20.0,3278733
64044EU-019-0-L,4.0,1936639
64044EU-019-0-R,4.0,1936538
64044EU-019-10-R,4.0,1936542
64044EU-019-12-R,3.0,1856315
64044EU-019-14-L,4.0,1936543
64044EU-019-14-R,5.0,1860255
64044EU-019-16-L,3.0,1856341
64044EU-019-16-R,5.0,1860253
64044EU-019-2-L,4.0,1936681
64044EU-019-2-R,5.0,1860269
64044EU-019-4-L,5.0,1860277
64044EU-019-4-R,6.0,1844431
64044EU-019-6-L,6.0,1844430
64044EU-019-6-R,3.0,1856371
64044EU-019-8-L,6.0,1844428
64044EU-019-8-R,4.0,1936672
64044EU-858-10-L,11.0,1856727
64044EU-858-16-L,4.0,1936675
64044EU-858-6-L,13.0,1856772
64044EUABR-186-10-L,20.0,2601627
64044EUABR-186-10-R,20.0,2601616
64044EUABR-186-12-R,20.0,2601704
64044EUABR-186-14-R,20.0,2601614
64044EUABR-186-2-R,20.0,2601606
64044EUABR-186-4-R,20.0,2601728
64044EUABR-186-6-R,20.0,2601625
64044EUABR-186-8-L,20.0,2601631
64044EUABR-186-8-R,20.0,2601613
64044EUABR-724-10-R,20.0,2601624
64044EUABR-724-12-R,20.0,2601681
64044EUABR-724-4-L,20.0,2601612
64044EUABR-724-4-R,20.0,2601669
64044EUABR-724-6-R,20.0,2601609
64044EUABR-724-8-R,20.0,2601605
64359-724-16-R,3.0,1856358
64359-724-18-R,3.0,1856366
64359-724-6-L,4.0,1936571
64359ABR-019-10-L,16.0,4208204
64359ABR-019-10-R,16.0,4208396
64359ABR-019-12-L,16.0,4208387
64359ABR-019-12-R,16.0,4216506
64359ABR-019-14-R,16.0,4216342
64359ABR-019-16-R,16.0,4208313
64359ABR-019-2-L,6.0,4208318
64359ABR-019-2-R,16.0,4208391
64359ABR-019-4-L,16.0,4208395
64359ABR-019-4-R,16.0,4208399
64359ABR-019-6-L,16.0,4208382
64359ABR-019-8-L,16.0,4208400
64359ABR-019-8-R,16.0,4208193
64360-019-14-L,3.0,1856360
64360-019-16-L,6.0,1860012
64360-019-20-L,3.0,1856350
64360-162-20-R,6.0,1860031
64360-724-18-L,4.0,1936578
64360-724-20-R,3.0,1856344
64360-724-4-L,3.0,1856387
64360ABR-019-10-R,20.0,2428900
64360ABR-019-12-L,20.0,2428198
64360ABR-019-12-R,20.0,2428224
64360ABR-162-6-L,20.0,2467029
64386-019-20-R,6.0,1860024
64386-092-6-L,6.0,1860021
64386-092-8-L,5.0,1860275
64386-192-12-L,3.0,1856391
64386-192-16-R,3.0,1856376
64386ABR-019-0-R,20.0,2787105
64386ABR-019-10-L,20.0,2787106
64386ABR-019-10-R,20.0,2707223
64386ABR-019-12-L,20.0,2787113
64386ABR-019-12-R,20.0,3073060
64386ABR-019-14-R,20.0,3314490
64386ABR-019-16-R,20.0,2632672
64386ABR-019-2-L,20.0,2787128
64386ABR-019-2-R,20.0,2787164
64386ABR-019-4-L,20.0,2787141
64386ABR-019-4-R,20.0,3073056
64386ABR-019-6-L,20.0,2787148
64386ABR-019-6-R,20.0,2707267
64386ABR-019-8-L,20.0,2707205
64386ABR-019-8-R,20.0,3130303
64386ABR-055-0-R,20.0,2649798
64386ABR-055-10-R,20.0,3314480
64386ABR-055-12-R,20.0,2648995
64386ABR-055-14-R,20.0,3314475
64386ABR-055-2-R,20.0,3280452
64386ABR-055-4-R,20.0,3073094
64386ABR-055-6-R,20.0,2649787
64386ABR-055-8-R,20.0,2440496
64386ABR-092-10-R,20.0,2784616
64386ABR-092-2-R,20.0,2622459
64386ABR-192-4-R,20.0,2784601
64386ABR-192-6-R,20.0,3033094
64386ABR-724-0-L,20.0,2440315
64386ABR-724-0-R,20.0,2786944
64386ABR-724-10-L,20.0,2786993
64386ABR-724-10-R,20.0,2786966
64386ABR-724-12-L,20.0,2787109
64386ABR-724-12-R,20.0,3033083
64386ABR-724-14-L,20.0,2787100
64386ABR-724-14-R,20.0,3415201
64386ABR-724-16-R,21.0,3130323
64386ABR-724-2-L,20.0,2787139
64386ABR-724-2-R,20.0,3033223
64386ABR-724-4-L,20.0,2786953
64386ABR-724-4-R,20.0,3033188
64386ABR-724-6-L,20.0,2984377
64386ABR-724-6-R,20.0,2707176
64386ABR-724-8-L,20.0,2787108
64386ABR-724-8-R,20.0,3033164
64393-186-12-R,3.0,1853094
64393ABR-019-0-R,15.0,3748399
64393ABR-019-10-L,13.0,3748332
64393ABR-019-10-R,17.0,3748691
64393ABR-019-12-R,16.0,3618171
64393ABR-019-14-R,16.0,3618140
64393ABR-019-16-R,16.0,3748248
64393ABR-019-2-L,10.0,3618082
64393ABR-019-2-R,16.0,3748251
64393ABR-019-4-L,16.0,3748235
64393ABR-019-6-L,16.0,3748751
64393ABR-019-6-R,16.0,3748757
64393ABR-019-8-L,16.0,3618181
64393ABR-019-8-R,16.0,3748595
64393ABR-186-0-R,16.0,2528626
64393ABR-186-10-L,16.0,2528424
64393ABR-186-10-R,16.0,2632665
64393ABR-186-12-L,16.0,2528421
64393ABR-186-12-R,16.0,2528611
64393ABR-186-14-L,16.0,2528420
64393ABR-186-14-R,16.0,2632660
64393ABR-186-16-L,16.0,2528717
64393ABR-186-16-R,16.0,2528633
64393ABR-186-18-R,16.0,2528804
64393ABR-186-2-L,16.0,2528439
64393ABR-186-2-R,16.0,2528607
64393ABR-186-4-R,16.0,2528618
64393ABR-186-6-L,16.0,2528789
64393ABR-186-6-R,16.0,2528711
64393ABR-186-8-L,16.0,2528703
64393ABR-186-8-R,16.0,2528638
64393ABR-724-2-L,16.0,2632690
64393ABR-724-4-L,15.0,2632705
64393ABR-724-6-R,16.0,2428235
64393ABR-724-8-R,16.0,2428231
64419-018-10-R,4.0,1936585
64419-018-2-R,5.0,1865642
64419-018-8-R,3.0,1853098
64445ABR-019-12-R,20.0,2726442
64445ABR-019-2-R,20.0,2573062
64445ABR-055-10-R,20.0,4093141
64445ABR-186-14-L,1.0,4092982
64445ABR-724-10-R,20.0,3119319
64445ABR-724-12-R,20.0,3119274
64445ABR-724-14-R,20.0,3207358
64445ABR-724-4-R,20.0,3207355
64445ABR-724-6-L,20.0,2715111
64445ABR-724-6-R,20.0,3120016
64446-019-12-L,3.0,1853112
64446-019-6-S,3.0,1853101
64446-186-10-L,3.0,1853115
64446ABR-019-0-R,20.0,4251236
64446ABR-019-10-R,20.0,4251249
64446ABR-019-14-R,20.0,3415143
64446ABR-019-2-R,20.0,4251220
64446ABR-019-4-L,20.0,2784769
64446ABR-019-4-R,20.0,3415144
64446ABR-019-6-L,20.0,2784294
64446ABR-019-6-R,20.0,3540456
64446ABR-019-8-L,4.0,4251247
64446ABR-019-8-R,20.0,3415146
64446ABR-055-4-L,20.0,2784469
64446ABR-055-8-L,20.0,2784304
64446ABR-724-0-R,9.0,4251242
64446ABR-724-12-R,20.0,4251237
64447-019-14-L,3.0,1853121
64447-019-16-R,4.0,1936496
64447ABR-019-10-R,20.0,2632667
64447ABR-019-4-R,20.0,4199015
64447ABR-019-6-R,20.0,2622677
64447ABR-019-8-R,20.0,2622610
64447ABR-055-8-R,20.0,2784319
64447ABR-186-4-L,20.0,2622620
64447ABR-186-8-L,20.0,2622841
64447ABR-186-8-R,20.0,2632728
64447ABR-724-10-R,20.0,2782994
64447ABR-724-12-R,21.0,2706982
64447ABR-724-14-L,19.0,2707278
64447ABR-724-14-R,20.0,4199209
64447ABR-724-6-R,20.0,4199205
64447ABR-724-8-L,18.0,2632716
64447ABR-724-8-R,21.0,2706978
64453ABR-019-10-R,28.0,2728727
64453ABR-019-12-R,28.0,2728751
64453ABR-019-4-R,28.0,2728738
64453ABR-956-10-R,28.0,2728754
64453ABR-956-6-R,28.0,2728744
64459-186-10-L,3.0,1853125
64459-186-12-L,3.0,1853123
64483EU-019-18-R,8.0,2623221
64483EU-724-20-R,8.0,2623230
64483EUMC-169-12-R,4.0,2623445
64483EUMC-169-14-R,8.0,2623234
64483EUMC-169-18-R,8.0,2623232
66018-089-L,3.0,1853128
66018-559-S,4.0,1936491
66018-559-XL,5.0,1865869
66020-1018-L,4.0,1936550
66020-1018-S,3.0,1853140
66020-406-XS,3.0,1853138
66020-419-XL,3.0,1853148
66020-962-XS,3.0,1853145
66021-571-M,29.0,2634166
66021-831-L,3.0,1853151
66022-019-M,3.0,1853153
66023-019-L,34.0,2634068
66023-019-M,34.0,2631855
66023-019-S,34.0,2631886
66024-1019-L,3.0,1853152
66024-961-L,3.0,1853157
66024-961-M,3.0,1853155
66024-961-S,4.0,1936545
66024-961-XL,25.0,2634670
66024-961-XS,3.0,1853158
66026-406-XL,3.0,1853156
66026-571-M,3.0,1853398
66026-831-L,4.0,1936544
66028-019-M,4.0,1936548
66028-571-L,3.0,1853389
66028-571-XL,3.0,1853395
67012-019-M,3.0,1853385
67013-419-XL,3.0,1853435
67013-419-XS,5.0,1860257
67013-545-M,3.0,1853401
67013-545-XS,5.0,1860260
67013-787-XL,5.0,1860258
67016-019-S,3.0,1853195
67016-962-M,4.0,1936653
67016-962-S,3.0,1853198
67017-019-XS,4.0,1936656
67017-831-M,3.0,1853196
67017-831-S,5.0,1860256
67017-962-M,4.0,1936650
67017-962-S,3.0,1853197
67017-962-XS,3.0,1853280
67018-1001-M,24.0,2635691
67018-1001-S,24.0,2635711
67018-1081-S,24.0,2635703
67018-571-S,65.0,2630021
67018-571-XS,3.0,1853265
67018-961-L,3.0,1853271
67018-961-S,64.0,2630134
6780002-1179-1 SZ,480.0,2780321
68019-019-L-R,12.0,2929452
68019-019-M-R,12.0,2929547
68019-019-S-R,12.0,2929485
68019-019-XL-R,6.0,2929464
68019-019-XS-R,12.0,2929491
68019-186-L-R,12.0,2929489
68019-186-M-R,12.0,2929565
68019-186-S-R,12.0,2929465
68019-186-XL-R,12.0,2929555
68019-186-XS-R,12.0,2929612
68019-724-M-R,12.0,2929494
68019-724-S-R,12.0,2929554
68019-724-XL-R,12.0,2929475
68019EU-858-L-R,12.0,2929418
68019EU-858-M-R,12.0,2929480
68019EU-858-S-R,12.0,2929386
68019EU-858-XL-R,12.0,2929496
68019EU-858-XS-R,12.0,2929440
68024-019-6-R,16.0,3540309
68024-186-10-R,16.0,3540310
68024-186-4-R,16.0,3540314
68024-186-8-R,16.0,3540305
68024-724-4-R,16.0,3540307
6890101-999-1 SZ,40.0,2951920
69275-016-L,5.0,1860290
69275-016-M,4.0,1936443
69275-016-S,5.0,1860292
69275-016-XL,4.0,1936430
69275-016-XS,3.0,1853446
69275-019-L,5.0,1865900
69275-019-S,4.0,1936446
69275-019-XL,4.0,1936696
69275-019-XS,3.0,1853185
69275-186-L,6.0,1860084
69275-186-M,4.0,1936686
69275-186-S,5.0,1865904
69275-186-XL,3.0,1853182
69275-186-XS,4.0,1936689
71049-018-L,30.0,3340178
71049-018-M,30.0,3340743
71049-018-S,30.0,3340445
71049-019-2XL,30.0,3205546
71049-019-3XL,29.0,3205506
71049-019-L,30.0,3205548
71049-019-M,30.0,3205519
71049-019-S,30.0,3340465
71049-019-XL,30.0,3340227
71049-019-XS,30.0,2634071
71049-092-S,30.0,2634115
71049-092-XS,30.0,2634128
71049-724-3XL,15.0,3017101
71049-724-L,30.0,3770583
71049-724-M,30.0,3017115
71095ABR-019-2XL-R,24.0,2832476
71095ABR-019-L-R,24.0,3262935
71095ABR-019-M-R,24.0,2832458
71095ABR-019-S-R,24.0,2832475
71095ABR-019-XL-R,24.0,2832473
71095ABR-186-2XL-R,24.0,3618786
71095ABR-186-L-R,24.0,3618789
71095ABR-186-M-R,24.0,3618669
71095ABR-186-S-R,24.0,3618706
71095ABR-186-XL-R,24.0,3618667
71095ABR-724-2XL-R,24.0,3262968
71095ABR-724-L-R,24.0,3262949
71095ABR-724-M-R,24.0,2708740
71095ABR-724-S-R,24.0,3262965
71095ABR-724-XL-R,24.0,3262938
71168ABR-750-2XL-R,22.0,2983371
71168ABR-750-L-R,22.0,2984625
71168ABR-750-M-R,22.0,2984577
71168ABR-750-S-R,22.0,2984640
71168ABR-750-XL-R,22.0,2984572
71175-162-S,22.0,701698
71175ABR-010-L,22.0,4216179
71175ABR-010-M,22.0,4216176
71175ABR-010-S,22.0,4216227
71175ABR-010-XL,22.0,4216234
71175ABR-018-2XL,4.0,3418806
71175ABR-018-XL,22.0,3540380
71175ABR-019-3XL,3.0,3992942
71175ABR-019-L,22.0,4216207
71175ABR-019-M,22.0,4216194
71175ABR-019-S,22.0,4216205
71175ABR-019-XL,22.0,3992994
71175ABR-162-L,22.0,4216241
71175ABR-190-L,22.0,2607352
71175ABR-724-L,22.0,4216187
71175ABR-724-M,22.0,4216222
71175ABR-724-S,22.0,4216237
71182-724-2XL,26.0,3541444
71182-724-L,28.0,3685936
71182-724-M,30.0,3685947
71182-724-S,30.0,2424377
71182-724-XL,28.0,3541034
71203-070-S,4.0,1936588
71204-580-XS,3.0,1853472
71204-656-S,3.0,1853193
71204-674-M,4.0,1943663
71204-736-L,24.0,2634807
71204-736-M,7.0,1837169
71204-949-S,4.0,1866017
71204-949-XS,4.0,1866033
71204-951-XS,3.0,1853192
71208-348-L,40.0,2631461
71208-348-M,8.0,2744896
71208-348-XL,6.0,1860038
71208-678-M,40.0,2631587
71208-678-S,5.0,1865926
71215-678-S,3.0,1853300
71220-1179-L,36.0,2652529
71220-1179-M,36.0,2652527
71220-1179-S,36.0,2652528
71220-1179-XL,36.0,2652521
71227-691-L,6.0,1860042
71309-019-2XL,30.0,3979013
71309-019-L,32.0,3979134
71309-019-M,32.0,3979175
71309-019-S,32.0,3979141
71309-019-XL,30.0,3979174
71309-720-3XL,13.0,3418562
71309-720-S,32.0,3046246
71309-720-XL,30.0,3206021
71309-720-XS,32.0,2790321
71340-019-2XL,36.0,3245856
71340-019-L,36.0,3245878
71340-019-M,36.0,4202748
71340-019-S,36.0,3068284
71340-019-XL,36.0,3245860
71340-092-2XL,25.0,3245855
71340-092-L,36.0,3245864
71340-092-M,36.0,3245879
71340-092-S,37.0,3245924
71340-092-XL,36.0,3245923
71340-1179-2XL,36.0,2688090
71340-1179-L,36.0,2688104
71340-1179-M,36.0,2688134
71340-1179-S,36.0,2688140
71340-1179-XL,36.0,2688093
71340-186-2XL,31.0,4202730
71340-186-L,36.0,4202749
71340-186-M,36.0,3245873
71340-186-S,36.0,4202731
71340-186-XL,36.0,3245928
71340-559-2XL,4.0,1866029
71340-559-S,3.0,1853304
71354ABR-019-L,22.0,3481567
71354ABR-019-M,22.0,3481559
71354ABR-019-S,30.0,2860264
71354ABR-019-XL,22.0,3481047
71354ABR-055-L,22.0,4109195
71354ABR-055-M,22.0,4109580
71354ABR-055-S,22.0,4109577
71354ABR-092-L,30.0,2461112
71354ABR-092-M,30.0,2461970
71354ABR-092-S,30.0,2461973
71354ABR-190-L,22.0,3415794
71354ABR-190-M,30.0,3315309
71354ABR-190-S,20.0,4199383
71354ABR-190-XL,22.0,4199793
71354ABR-724-2XL,22.0,4199662
71354ABR-724-L,22.0,4199667
71354ABR-724-M,22.0,4199796
71354ABR-724-S,30.0,2655726
71354ABR-724-XL,22.0,4199246
71356-754-XL,3.0,1853496
71356-861-L,4.0,1943659
71373-018-M,12.0,1837138
71373ABR-018-2XL,10.0,2848523
71373ABR-018-L,22.0,2848538
71373ABR-018-M,22.0,2848540
71373ABR-018-S,22.0,2708509
71373ABR-724-S,6.0,2848552
71379-019-S,4.0,1943665
71379-019-XL,5.0,1860262
71387-635-XS,3.0,1853490
71387-795-2XL,3.0,1853486
71387-795-S,3.0,1853235
72002-019-2XL-R,20.0,1853457
72002-019-XL-R,4.0,1943661
72002-724-L-R,10.0,1856997
72002ABR-019-L-R,20.0,2875273
72049-019-2XL,25.0,3088242
72049-019-3XL,25.0,3088275
72049-092-L,25.0,2634623
72049-092-M,25.0,2634641
72049-092-S,25.0,2634643
72054-019-L,5.0,1865929
72054-019-M,10.0,1857034
72054-019-S,5.0,1865948
72054-019-XL,3.0,1853229
72054-724-2XL,10.0,1857036
72054-724-XL,4.0,1943672
72057-019-M,4.0,1943671
72057-019-S,20.0,2910939
72057-724-L,20.0,3102180
72071-092-L,4.0,1943675
72071-092-M,6.0,1860062
72071-092-S,3.0,1853238
72157-055-3XL,3.0,1853259
72157-120-XS,4.0,1943681
72175ABR-019-2XL,22.0,3993086
72175ABR-019-L,22.0,3993084
72175ABR-019-M,22.0,3993025
72175ABR-019-S,22.0,3993091
72175ABR-019-XL,22.0,3992999
72175ABR-120-L,22.0,2756801
72175ABR-120-M,22.0,2983702
72175ABR-120-S,22.0,2573236
72175ABR-162-L,22.0,3993002
72175ABR-162-M,22.0,3993133
72175ABR-162-S,22.0,3993042
72175ABR-162-XL,22.0,3993123
72175ABR-190-M,22.0,2875259
72175ABR-190-S,22.0,2887721
72175ABR-724-L,22.0,3852379
72175ABR-724-M,22.0,3852391
72175ABR-724-S,22.0,3852219
72175ABR-724-XL,22.0,3852387
72185ABR-169-2XL,22.0,2601424
72185ABR-169-L,22.0,2655619
72185ABR-169-XL,22.0,2655562
72194ABR-019-2XL,22.0,3856988
72194ABR-019-3XL,22.0,2788780
72194ABR-019-S,22.0,3856783
72194ABR-019-XL,22.0,3856947
72194ABR-019-XS,22.0,3856965
72194ABR-092-2XL,22.0,2642706
72194ABR-092-S,22.0,3242813
72194ABR-092-XL,22.0,3242820
72194ABR-162-2XL,22.0,2508894
72194ABR-162-3XL,22.0,2462063
72194ABR-162-XS,22.0,2462158
72194ABR-190-2XL,22.0,2712298
72194ABR-190-3XL,22.0,2712286
72194ABR-190-L,22.0,2712090
72194ABR-190-M,22.0,2712281
72194ABR-190-S,22.0,2712313
72194ABR-190-XL,22.0,2712312
72194ABR-724-2XL,22.0,2788782
72194ABR-724-L,22.0,3856416
72194ABR-724-XL,22.0,3455313
72205NL-169-2XL-L,6.0,1860066
72205NL-169-3XL-R,3.0,1853261
72205NL-169-L-L,30.0,2333546
72205NL-169-S-L,30.0,2333476
72205NL-169-S-R,30.0,2333817
72205NL-169-XL-L,17.0,1856723
72205NLABR-169-2XL-R,30.0,2986811
72205NLABR-169-2XL-T,22.0,3538997
72205NLABR-169-3XL-R,30.0,2986505
72205NLABR-169-3XL-T,22.0,3538928
72205NLABR-169-L-R,30.0,2986485
72205NLABR-169-L-T,22.0,3538818
72205NLABR-169-M-R,30.0,2986506
72205NLABR-169-M-T,22.0,3538963
72205NLABR-169-S-R,30.0,2986622
72205NLABR-169-S-T,22.0,3538756
72205NLABR-169-XL-R,30.0,2986949
72205NLABR-169-XL-T,22.0,3538747
72205NLABR-169-XS-R,22.0,3538915
72205NLABR-169-XS-T,22.0,3538892
72206NL-169-3XL-L,4.0,1943685
72206NLABR-169-2XL-R,22.0,4015521
72206NLABR-169-3XL-R,22.0,4015394
72206NLABR-169-L-R,22.0,4015561
72206NLABR-169-M-R,22.0,3537224
72206NLABR-169-S-R,22.0,3537006
72206NLABR-169-XL-R,26.0,3119407
72206NLABR-169-XS-R,22.0,4015274
72206NLTABR-169-2XL-T,22.0,3418537
72206NLTABR-169-3XL-T,22.0,3418818
72206NLTABR-169-L-T,22.0,3418543
72206NLTABR-169-M-T,22.0,3418404
72206NLTABR-169-S-T,22.0,3418873
72206NLTABR-169-XL-T,22.0,3418890
72206NLTABR-169-XS-T,22.0,3418396
72235-019-2XL,16.0,2652543
72235-120-2XL,7.0,2752877
72235-120-XL,13.0,1856765
72235-186-2XL,16.0,3539666
72244-1074-2XL,3.0,1853335
72244-1074-L,6.0,1860051
72244-1074-M,6.0,1860056
72244-1074-S,3.0,1853499
72244-1074-XL,3.0,1853506
72250ABR-019-2XL-R,20.0,2860395
72250ABR-019-L-R,20.0,2860460
72250ABR-019-M-R,20.0,2860712
72250ABR-019-S-R,20.0,2860458
72250ABR-019-XL-R,20.0,2860671
72250ABR-186-L-R,20.0,2631969
72250ABR-186-M-R,20.0,2668069
72250ABR-186-S-R,19.0,2785104
72250ABR-186-XL-R,15.0,2785414
72250ABR-724-2XL-R,19.0,3574169
72250ABR-724-L-R,20.0,2785415
72250ABR-724-M-R,20.0,4199207
72250ABR-724-XL-R,20.0,3574182
72250MCABR-169-L-R,20.0,2668200
72250MCABR-169-M-R,20.0,2668190
72250MCABR-169-S-R,20.0,2668204
72250MCABR-169-XL-R,20.0,2782369
72258-186-2XL-R,16.0,2649042
72258-186-3XL-R,16.0,2649100
72258-186-L-R,256.0,2649840
72258-186-M-R,256.0,2649852
72258-186-S-R,16.0,2649007
72258-186-XL-R,256.0,2649868
72258-186-XS-R,16.0,2649248
72258-724-2XL-R,16.0,2649284
72258-724-3XL-R,16.0,2461243
72258-724-L-R,16.0,2649204
72258-724-M-R,16.0,2648810
72258-724-S-R,16.0,2649268
72258-724-XL-R,16.0,2649163
72318-720-L,24.0,4289787
72318-720-M,24.0,3979138
72318-720-XL,24.0,4289782
72345-750-L-R,4.0,1866064
72366-750-L-R,12.0,1853626
72366-750-M-R,10.0,1857043
72366-750-S-R,3.0,1853513
72399-724-S,24.0,2635863
72399ABR-019-2XL,22.0,4109202
72399ABR-019-L,22.0,3618850
72399ABR-019-M,22.0,3618745
72399ABR-019-S,22.0,3415713
72399ABR-019-XL,22.0,3618381
72399ABR-055-L,22.0,4199795
72399ABR-055-S,21.0,4199252
72399ABR-055-XL,22.0,4109148
72399ABR-092-2XL,22.0,2832524
72399ABR-092-L,22.0,4109025
72399ABR-092-S,22.0,2403315
72399ABR-092-XL,22.0,4109207
72399ABR-160-2XL,22.0,2766890
72399ABR-160-L,22.0,2766961
72399ABR-160-M,22.0,2656167
72399ABR-160-S,22.0,2766876
72399ABR-160-XL,22.0,2766944
72399ABR-190-M,22.0,2832246
72399ABR-190-S,22.0,2832432
72399ABR-190-XS,22.0,2832487
72399ABR-192-L,22.0,2929486
72399ABR-192-M,22.0,3132233
72399ABR-192-S,22.0,2832318
72399ABR-192-XL,22.0,3132224
72399ABR-724-2XL,22.0,3125920
72399ABR-724-3XL,22.0,2403307
72399ABR-724-L,22.0,3126173
72399ABR-724-M,22.0,3126162
72399ABR-724-S,22.0,2403437
72399ABR-724-XL,22.0,2860306
72399ABR-724-XS,22.0,2403625
72416-019-3XL,4.0,1866063
72417-019-2XL,32.0,3088129
72417-019-S,32.0,3088116
72465-019-S,4.0,2786900
72465-019-XL,4.0,1943688
72479-018-M,22.0,1853510
72479ABR-018-L,22.0,4068655
72479ABR-018-M,22.0,4068635
72479ABR-018-XL,22.0,4068652
72479ABR-019-M,22.0,2887671
72488-190-XL,6.0,1860132
72506-019-2XL,5.0,1860279
72506-019-S,4.0,1943686
72508ABR-019-2XL-R,20.0,2703335
72508ABR-019-L-R,20.0,2703411
72508ABR-019-M-R,20.0,2614268
72508ABR-019-S-R,20.0,2703274
72508ABR-019-XL-R,20.0,2614384
72508ABR-092-L-R,20.0,2846035
72508ABR-092-M-R,20.0,2846149
72508ABR-092-S-R,20.0,2846646
72508ABR-092-XL-R,20.0,2846745
72508ABR-186-2XL-R,20.0,3669321
72508ABR-186-L-R,20.0,3669317
72508ABR-186-M-R,20.0,3669333
72508ABR-724-2XL-R,20.0,3082031
72508ABR-724-L-R,20.0,2614272
72508ABR-724-M-R,20.0,3082030
72508ABR-724-S-R,20.0,2846619
72508ABR-724-XL-R,20.0,2614480
72508MCABR-169-2XL-R,20.0,2703514
72508MCABR-169-3XL-R,20.0,2511954
72508MCABR-169-L-R,20.0,2703212
72508MCABR-169-M-R,20.0,2703510
72508MCABR-169-S-R,20.0,2511956
72508MCABR-169-XL-R,20.0,2703214
72508MCABR-169-XS-R,20.0,2703497
72521-098-XL,36.0,3728546
72521-1074-XL,3.0,1853377
72521-678-L,36.0,2631841
72521-678-S,3.0,1853382
72529-158-S,4.0,1943684
72529-806-S,3.0,1853376
72533-080-M,5.0,1943689
72533-125-2XL,6.0,1860136
72533-125-L,11.0,1856752
72533-125-M,10.0,1837349
72533-125-S,5.0,1943692
72534-016-M-R,15.0,1856631
72534-016-S-R,6.0,1860149
72534ABR-016-L-R,10.0,2987148
72534ABR-016-M-R,10.0,2780639
72534ABR-016-S-R,12.0,2715044
72534ABR-016-XL-R,10.0,2986968
72534ABR-019-2XL-R,10.0,3541826
72534ABR-019-L-R,12.0,4250962
72534ABR-019-M-R,12.0,4250954
72534ABR-019-S-R,12.0,3003741
72534ABR-019-XL-R,10.0,3541711
72534ABR-019-XS-R,9.0,4208363
72534ABR-720-2XL-R,10.0,3155906
72534ABR-720-L-R,12.0,3155937
72534ABR-720-M-R,10.0,4208354
72534ABR-720-S-R,10.0,4208348
72534ABR-720-XL-R,12.0,3155943
72540-092-L,6.0,1860140
72540-092-M,5.0,1943651
72540ABR-019-XL,20.0,2358243
72540ABR-724-2XL,20.0,2358240
72540ABR-724-L,180.0,2476250
72540ABR-724-M,132.0,3897467
72540ABR-724-S,20.0,2358244
72540ABR-724-XL,20.0,2358254
72543ABR-019-S-R,22.0,3618314
72543ABR-055-L-R,22.0,3618439
72543ABR-055-M-R,22.0,3618405
72543ABR-055-XL-R,22.0,3618875
72543ABR-724-L-R,22.0,2428873
72543ABR-724-M-R,22.0,2429408
72543ABR-724-S-R,22.0,2429185
72564-098-2XL,12.0,2874198
72564-721-M,10.0,1857011
72564-721-S,4.0,1943699
72565ABR-019-2XL-R,22.0,2725321
72565ABR-019-L-R,22.0,2756765
72565ABR-019-M-R,22.0,4209189
72565ABR-019-S-R,22.0,2725518
72565ABR-162-L-R,22.0,2725515
72565ABR-162-M-R,22.0,2725219
72565ABR-162-S-R,22.0,2725492
72565ABR-162-XL-R,22.0,2725527
72565ABR-186-2XL-R,22.0,4209032
72565ABR-186-L-R,22.0,4039825
72565ABR-186-M-R,22.0,4039746
72565ABR-186-XL-R,22.0,4039803
72565ABR-724-2XL-R,22.0,4039821
73287-724-40,12.0,1853630
73287-724-42,279.0,572100
73287ABR-162-30,26.0,2649739
73287ABR-162-32,26.0,2649720
73287ABR-162-34,26.0,2632868
73287ABR-190-34,26.0,2706952
73287ABR-724-28,26.0,2632875
73287ABR-724-30,26.0,2786982
73287ABR-724-32,26.0,2786977
73287ABR-724-34,26.0,2786975
73287ABR-724-36,26.0,2706907
73287ABR-724-38,26.0,2786990
73287ABR-724-40,26.0,2632832
73322-206-28,4.0,1943697
73327ABR-019-28,26.0,2722461
73327ABR-055-28,26.0,2703757
73327ABR-055-30,26.0,2703761
73327ABR-055-31,26.0,2703736
73327ABR-055-33,26.0,2703759
73327ABR-055-36,26.0,4163981
73327ABR-092-30,26.0,2703777
73327ABR-116-30,26.0,2703720
73327ABR-116-31,26.0,2703729
73327ABR-116-40,26.0,3010274
73327ABR-186-42,26.0,2722486
73327ABR-190-30,26.0,2703425
73327ABR-190-35,26.0,2703610
73327ABR-192-30,26.0,2703111
73327ABR-192-32,26.0,2703645
73327ABR-192-34,26.0,2703648
73327ABR-192-35,26.0,2722487
73327ABR-192-36,26.0,2846112
73327ABR-192-38,26.0,2722448
73327ABR-192-40,26.0,2703661
73327ABR-192-42,26.0,2722492
73327ABR-724-30,26.0,3540798
73327ABR-724-31,26.0,2846165
73327ABR-724-32,26.0,3540775
73327ABR-724-33,26.0,2846166
73327ABR-724-34,26.0,2846306
73327ABR-724-35,26.0,2703614
73327ABR-724-36,26.0,3539838
73327ABR-724-38,26.0,2846290
73327ABR-724-40,26.0,3540789
73334-724-44,3.0,1853615
73334ABR-186-30,30.0,2630368
73334ABR-190-30,30.0,2630441
73334ABR-190-32,30.0,2630363
73334ABR-190-34,30.0,2728549
73334ABR-724-32,26.0,4251216
73334ABR-724-40,26.0,4251241
73341-070-42,4.0,1943698
73341-116-42,3.0,1853612
73349ABR-055-30,26.0,2714741
73349ABR-055-32,26.0,2715144
73349ABR-055-33,26.0,2714864
73349ABR-055-34,26.0,2715181
73349ABR-055-35,26.0,2714690
73349ABR-055-36,26.0,2714757
73349ABR-055-38,26.0,2714860
73349ABR-055-40,26.0,2714748
73349ABR-055-42,26.0,2714692
73350-134-42,3.0,1853210
73350-206-28,3.0,1853249
73350-206-30,4.0,1866039
73350-206-42,3.0,1853245
73350-681-42,5.0,1943737
73350-956-34,6.0,1860072
73350-956-36,3.0,1853653
73350-956-38,26.0,2634251
73350-956-40,3.0,1853659
73350ABR-721-40,25.0,2634565
73350CM-966-30,4.0,1943706
73350CM-966-34,3.0,1853657
73352ABR-134-32,30.0,2709210
73359-724-36,3.0,1853642
73359ABR-134-36,26.0,2706798
73359ABR-134-38,26.0,2706891
73364-368-34,6.0,1860075
73366-019-32,4.0,1943716
73366-019-34,3.0,1853652
73366-019-38,3.0,1853660
73366-1088-32,3.0,1853644
73366-721-32,3.0,1853656
73366-721-34,3.0,1853679
73366ABR-019-30,26.0,2714701
73366ABR-019-32,26.0,2714347
73366ABR-019-34,26.0,2714290
73366ABR-019-36,26.0,2714283
73366ABR-019-38,26.0,2714709
73366ABR-019-40,26.0,2714350
73366ABR-1088-30,26.0,2714703
73366ABR-1088-32,26.0,2714287
73366ABR-1088-34,26.0,2714732
73366ABR-1088-36,26.0,2714346
73366ABR-1088-38,26.0,2714291
73366ABR-1088-40,26.0,2714349
73366ABR-721-30,26.0,2714707
73366ABR-721-32,26.0,2714348
73366ABR-721-34,26.0,2714706
73366ABR-721-36,26.0,2714700
73366ABR-721-38,26.0,2714725
73366ABR-721-40,26.0,2715218
74003-019-XS-L,4.0,1943709
74003-724-S-L,5.0,1943756
74003ABR-019-2XL-L,16.0,2983888
74003ABR-019-2XL-R,16.0,2984525
74003ABR-019-3XL-R,16.0,2409488
74003ABR-019-3XL-S,16.0,2528234
74003ABR-019-L-L,16.0,2607467
74003ABR-019-L-R,16.0,2983886
74003ABR-019-M-L,16.0,2983753
74003ABR-019-M-R,144.0,3693557
74003ABR-019-S-L,16.0,2528204
74003ABR-019-XL-L,16.0,2983645
74003ABR-019-XL-R,16.0,2983641
74003ABR-019-XS-L,16.0,2607305
74003ABR-019-XS-R,16.0,2607633
74003ABR-724-L-L,16.0,2690896
74003ABR-724-L-R,16.0,2729040
74003ABR-724-M-L,16.0,2691041
74003ABR-724-M-R,16.0,2691077
74003ABR-724-S-L,16.0,2691151
74003ABR-724-S-R,16.0,2691106
74003ABR-724-S-S,16.0,2691155
74003ABR-724-XL-R,16.0,2729041
74003ABR-724-XL-S,16.0,2607573
74003ABR-724-XS-L,16.0,2690970
74098ABR-019-32-30,16.0,3618692
74098ABR-019-32-34,16.0,3454822
74098ABR-019-32-36,16.0,2649716
74098ABR-019-34-30,16.0,3454874
74098ABR-019-34-32,16.0,2860141
74098ABR-019-34-36,16.0,2623403
74098ABR-019-36-30,16.0,3262954
74098ABR-019-36-32,16.0,3454919
74098ABR-019-36-34,16.0,3454861
74098ABR-019-36-36,16.0,2623323
74098ABR-019-38-30,16.0,2784856
74098ABR-019-38-32,16.0,2784574
74098ABR-019-38-34,16.0,3261723
74098ABR-019-38-36,16.0,2623394
74098ABR-019-40-30,16.0,3262948
74098ABR-019-40-32,16.0,2859977
74098ABR-019-40-34,16.0,3454745
74098ABR-019-40-36,16.0,2649588
74098ABR-019-42-30,16.0,3261704
74098ABR-019-42-32,16.0,2623351
74098ABR-019-42-34,16.0,3454916
74098ABR-019-44-32,16.0,2632708
74098ABR-092-28-30,1.0,3261699
74098ABR-092-30-32,16.0,2728421
74098ABR-092-32-32,16.0,2728379
74098ABR-092-34-32,16.0,2728367
74098ABR-092-34-34,16.0,2728423
74098ABR-092-38-32,16.0,2728375
74098ABR-092-44-34,1.0,3261750
74098ABR-186-28-32,15.0,2728665
74098ABR-186-30-30,16.0,2623307
74098ABR-186-30-32,16.0,2728668
74098ABR-186-32-30,16.0,2784868
74098ABR-186-32-32,16.0,2784893
74098ABR-186-32-34,16.0,2632636
74098ABR-186-34-30,16.0,2728685
74098ABR-186-34-32,16.0,2623384
74098ABR-186-34-34,16.0,2728649
74098ABR-186-34-36,14.0,2784989
74098ABR-186-36-30,16.0,2728678
74098ABR-186-36-32,16.0,2632799
74098ABR-186-36-34,16.0,2785002
74098ABR-186-36-36,16.0,2784578
74098ABR-186-38-30,16.0,2632704
74098ABR-186-38-32,16.0,2623343
74098ABR-186-38-34,16.0,2632816
74098ABR-186-38-36,16.0,2784999
74098ABR-186-40-30,16.0,2623396
74098ABR-186-40-32,16.0,2623381
74098ABR-186-40-34,16.0,2784892
74098ABR-186-40-36,16.0,2784983
74098ABR-186-42-32,16.0,2623344
74098ABR-724-32-30,16.0,4109571
74098ABR-724-34-32,16.0,2860129
74098ABR-724-36-32,16.0,3261775
74098ABR-724-38-30,16.0,3261401
74098ABR-724-38-32,16.0,2632699
74098ABR-724-40-30,16.0,2728371
74098ABR-724-40-32,16.0,3261718
74098ABR-724-42-32,16.0,3261770
74098ABR-724-44-36,1.0,3261708
74098MCABR-169-30-32,16.0,2728693
74098MCABR-169-32-30,16.0,2728699
74098MCABR-169-32-32,16.0,2728594
74098MCABR-169-34-30,16.0,2728739
74098MCABR-169-34-32,16.0,2729035
74098MCABR-169-34-34,16.0,2728753
74098MCABR-169-36-30,16.0,2728787
74098MCABR-169-36-32,16.0,2729192
74098MCABR-169-38-32,16.0,2728694
74098MCABR-169-40-32,16.0,2728741
74098MCABR-169-40-34,16.0,2728763
74098MCABR-169-42-30,16.0,2728742
74102NL-169-32-36,20.0,2333666
74102NL-169-36-36,20.0,2333579
74102NL-169-36-38,17.0,2333776
74102NLABR-169-28-30,20.0,3015513
74102NLABR-169-28-32,20.0,3015576
74102NLABR-169-28-34,20.0,3015571
74102NLABR-169-28-36,17.0,3015271
74102NLABR-169-30-30,20.0,3278252
74102NLABR-169-30-32,20.0,3015218
74102NLABR-169-30-34,20.0,3278658
74102NLABR-169-30-36,17.0,3278737
74102NLABR-169-32-30,20.0,3278141
74102NLABR-169-32-32,20.0,3015351
74102NLABR-169-32-34,20.0,3278069
74102NLABR-169-32-36,20.0,3015104
74102NLABR-169-34-30,20.0,3278066
74102NLABR-169-34-32,20.0,3278957
74102NLABR-169-34-34,20.0,3014717
74102NLABR-169-34-36,20.0,3278081
74102NLABR-169-36-30,20.0,3015564
74102NLABR-169-36-32,20.0,3015425
74102NLABR-169-36-34,20.0,3278096
74102NLABR-169-36-36,20.0,3015565
74102NLABR-169-38-30,20.0,2957459
74102NLABR-169-38-32,20.0,2957563
74102NLABR-169-38-34,20.0,3015116
74102NLABR-169-38-36,20.0,3014907
74102NLABR-169-40-30,20.0,3015478
74102NLABR-169-40-32,20.0,3278808
74102NLABR-169-40-34,20.0,2957567
74102NLABR-169-40-36,17.0,3278707
74106EU-019-30-30,10.0,1856938
74106EU-019-32-30,4.0,1943712
74106EU-019-32-34,4.0,1943711
74106EU-019-32-36,6.0,1860095
74106EU-019-34-36,5.0,1943777
74106EU-019-36-36,3.0,1853683
74106EU-019-38-30,4.0,1943715
74106EU-019-38-32,5.0,1943781
74106EU-019-38-34,3.0,1853687
74106EU-019-38-36,3.0,1853753
74106EU-019-40-30,6.0,1860104
74106EU-019-40-32,4.0,1943708
74106EU-019-40-36,4.0,1943723
74106EU-019-42-30,3.0,1853766
74106EU-019-42-34,4.0,1943719
74106EU-019-44-30,3.0,1853750
74106EU-019-44-34,3.0,1853761
74106EU-019-44-36,4.0,1943727
74106EU-019-46-32,9.0,1857046
74106EU-019-46-34,3.0,1853689
74106EU-019-48-36,6.0,1860098
74106EU-858-44-34,5.0,1943801
74106EU-858-44-36,3.0,1853707
74106EU-858-48-32,3.0,1853715
74106EUABR-019-30-30,18.0,2831638
74106EUABR-019-30-32,18.0,2832072
74106EUABR-019-32-30,18.0,2832095
74106EUABR-019-32-34,18.0,2831669
74106EUABR-019-34-30,18.0,2831820
74106EUABR-019-34-32,18.0,2831597
74106EUABR-019-34-34,18.0,2832446
74106EUABR-019-36-34,18.0,2831857
74106EUABR-019-38-32,18.0,2831657
74106EUABR-186-30-30,20.0,2601390
74106EUABR-186-30-32,20.0,2601289
74106EUABR-186-32-30,20.0,2601617
74106EUABR-186-32-32,20.0,2601273
74106EUABR-186-32-34,20.0,2601733
74106EUABR-186-34-30,20.0,2601262
74106EUABR-186-34-32,20.0,2601340
74106EUABR-186-34-34,20.0,2601484
74106EUABR-186-36-30,20.0,2601676
74106EUABR-186-36-32,20.0,2601725
74106EUABR-186-36-34,20.0,2601468
74106EUABR-186-38-32,20.0,2601380
74106EUABR-186-38-34,20.0,2601206
74106EUABR-186-40-34,20.0,2601758
74106EUABR-724-30-30,20.0,2601701
74106EUABR-724-30-32,20.0,2601706
74106EUABR-724-32-30,20.0,2601264
74106EUABR-724-32-32,20.0,2601734
74106EUABR-724-32-34,20.0,2601393
74106EUABR-724-34-30,20.0,2601467
74106EUABR-724-34-32,20.0,2601756
74106EUABR-724-34-34,20.0,2601842
74106EUABR-724-36-32,20.0,2601679
74106EUABR-724-36-34,20.0,2601283
74106EUABR-724-38-32,20.0,2601277
74106EUABR-724-38-34,20.0,2601300
74106EUABR-724-42-32,20.0,2601347
74106EUABR-858-28-30,18.0,2831675
74106EUABR-858-28-32,18.0,2831642
74106EUABR-858-30-30,18.0,2831651
74106EUABR-858-30-32,18.0,2831696
74106EUABR-858-30-34,18.0,2831664
74106EUABR-858-32-32,18.0,2831862
74106EUABR-858-32-34,18.0,2831600
74106EUABR-858-32-36,18.0,2831645
74106EUABR-858-34-30,18.0,2831621
74106EUABR-858-34-32,18.0,2832105
74106EUABR-858-34-34,18.0,2831832
74106EUABR-858-34-36,18.0,2832071
74106EUABR-858-36-30,18.0,2831890
74106EUABR-858-36-32,18.0,2831667
74106EUABR-858-36-34,18.0,2831848
74106EUABR-858-36-36,18.0,2831806
74106EUABR-858-38-30,18.0,2831590
74106EUABR-858-38-32,18.0,2831643
74106EUABR-858-38-34,18.0,2831692
74106EUABR-858-38-36,18.0,2831596
74106EUABR-858-40-34,18.0,2831659
74106EUABR-858-40-36,18.0,2831694
74106EUABR-858-42-32,17.0,2832098
74106EUABR-858-42-34,18.0,2831656
74106EUABR-858-42-36,18.0,2831671
74106EUABR-858-44-30,18.0,2831818
74106EUABR-858-44-32,18.0,2832080
74106EUABR-858-44-34,18.0,2832060
74251-019-28-36,3.0,1853719
74251-019-30-36,4.0,1943730
74273-019-34-30,20.0,701531
74273-092-28-32,3.0,1853219
74273-092-34-36,6.0,1860093
74273-092-38-34,4.0,1943713
74273-092-40-34,3.0,1853735
74273-092-44-32,3.0,1853722
74273-162-32-32,211.0,587609
74273-162-34-36,12.0,1856812
74273-162-44-36,3.0,1853760
74273-192-28-34,4.0,1943705
74273-192-30-34,6.0,1860124
74273-192-42-36,4.0,1943740
74273ABR-019-28-30,20.0,2929097
74273ABR-019-28-32,20.0,2929041
74273ABR-019-28-34,4.0,3262811
74273ABR-019-30-30,20.0,3096271
74273ABR-019-30-32,20.0,2929046
74273ABR-019-30-34,20.0,2929006
74273ABR-019-32-30,20.0,3418875
74273ABR-019-32-32,20.0,2929022
74273ABR-019-32-34,20.0,3095900
74273ABR-019-32-36,20.0,3130656
74273ABR-019-34-30,20.0,3262830
74273ABR-019-34-32,20.0,2928299
74273ABR-019-34-34,20.0,2928877
74273ABR-019-34-36,20.0,3262802
74273ABR-019-36-30,20.0,2929066
74273ABR-019-36-32,20.0,2928742
74273ABR-019-36-34,20.0,3262829
74273ABR-019-36-36,20.0,3418612
74273ABR-019-38-30,20.0,2929090
74273ABR-019-38-32,20.0,3033374
74273ABR-019-38-34,20.0,2690999
74273ABR-019-38-36,20.0,2928862
74273ABR-019-40-30,20.0,2929060
74273ABR-019-40-32,20.0,2928875
74273ABR-019-40-34,20.0,2928909
74273ABR-019-42-30,20.0,3033382
74273ABR-019-42-32,20.0,2846008
74273ABR-019-42-34,20.0,3095892
74273ABR-019-44-32,20.0,2928916
74273ABR-019-44-34,14.0,2929217
74273ABR-092-30-32,20.0,3107992
74273ABR-092-32-30,20.0,2628231
74273ABR-092-32-32,20.0,2786929
74273ABR-092-32-34,20.0,2649099
74273ABR-092-34-30,20.0,2787032
74273ABR-092-34-32,20.0,2787070
74273ABR-092-34-34,20.0,3107987
74273ABR-092-36-30,20.0,2628205
74273ABR-092-36-32,20.0,2787065
74273ABR-092-36-34,20.0,2786931
74273ABR-092-38-32,20.0,2787033
74273ABR-092-40-34,20.0,3541827
74273ABR-162-28-30,20.0,2756324
74273ABR-162-28-32,20.0,2756623
74273ABR-162-30-30,20.0,3669091
74273ABR-162-30-32,20.0,2756370
74273ABR-162-30-34,20.0,2756578
74273ABR-162-32-30,20.0,2952780
74273ABR-162-32-32,20.0,2860210
74273ABR-162-32-34,20.0,2361652
74273ABR-162-34-30,20.0,2756166
74273ABR-162-34-32,20.0,2756699
74273ABR-162-34-34,20.0,2756589
74273ABR-162-34-36,20.0,2755044
74273ABR-162-36-30,20.0,2708680
74273ABR-162-36-32,20.0,2756401
74273ABR-162-36-34,20.0,2756582
74273ABR-162-36-36,20.0,3204041
74273ABR-162-38-30,20.0,2756560
74273ABR-162-38-32,20.0,2952814
74273ABR-162-38-34,20.0,2708685
74273ABR-162-40-30,20.0,2756344
74273ABR-162-40-32,20.0,2756564
74273ABR-162-40-34,20.0,3015374
74273ABR-162-42-30,20.0,2952762
74273ABR-162-42-32,20.0,2756656
74273ABR-162-42-34,20.0,2756399
74273ABR-162-44-32,20.0,2756380
74273ABR-192-30-30,20.0,3207162
74273ABR-192-30-32,20.0,3207012
74273ABR-192-30-34,20.0,3207019
74273ABR-192-32-30,20.0,2756330
74273ABR-192-32-32,20.0,3207127
74273ABR-192-32-34,20.0,2756343
74273ABR-192-34-30,20.0,3207152
74273ABR-192-34-32,20.0,3207139
74273ABR-192-34-34,20.0,2642240
74273ABR-192-36-34,20.0,2756358
74273ABR-192-38-30,20.0,3207155
74273ABR-192-38-34,20.0,3206858
74273ABR-724-28-30,20.0,2632618
74273ABR-724-30-30,20.0,2649006
74273ABR-724-30-34,20.0,2632488
74273ABR-724-32-30,20.0,3207021
74273ABR-724-32-34,20.0,2649028
74273ABR-724-34-30,20.0,3415165
74273ABR-724-34-32,20.0,2649108
74273ABR-724-34-34,20.0,2649063
74273ABR-724-34-36,20.0,2875355
74273ABR-724-36-30,20.0,2875372
74273ABR-724-36-32,20.0,3207357
74273ABR-724-36-34,20.0,2649003
74273ABR-724-36-36,20.0,2875363
74273ABR-724-38-30,20.0,2649011
74273ABR-724-38-32,20.0,3207146
74273ABR-724-38-34,20.0,2875168
74273ABR-724-40-30,20.0,3207103
74273ABR-724-40-32,20.0,3033209
74273ABR-724-40-34,20.0,2875345
74273ABR-724-42-30,20.0,3033245
74273ABR-724-42-32,20.0,3033007
74273ABR-724-42-34,20.0,3032521
74273ABR-724-44-30,5.0,3261462
74273ABR-724-44-32,15.0,2875246
74280-019-S-R,3.0,1853741
74310-724-36-36,5.0,1943795
74310ABR-724-34-32,16.0,2573164
74332-055-32-36,4.0,1943754
74350ABR-169-L-R,190.0,3464466
74350ABR-169-M-L,16.0,2929283
74350ABR-169-S-R,16.0,2929260
74350ABR-169-XL-R,16.0,2929289
74369-070-28-34,6.0,1860123
74369-070-28-36,5.0,1943790
74369ABR-018-28-30,20.0,3081833
74369ABR-018-28-32,20.0,3081534
74369ABR-018-30-30,20.0,3956617
74369ABR-018-30-32,20.0,2952883
74369ABR-018-30-34,20.0,3108580
74369ABR-018-30-36,20.0,3081810
74369ABR-018-32-30,20.0,3956588
74369ABR-018-32-32,20.0,3081817
74369ABR-018-32-34,20.0,3539757
74369ABR-018-34-30,20.0,3956502
74369ABR-018-34-32,20.0,3956497
74369ABR-018-34-34,20.0,3539641
74369ABR-018-34-36,20.0,3539715
74369ABR-018-36-30,20.0,3539752
74369ABR-018-36-32,20.0,3956732
74369ABR-018-36-34,20.0,3539611
74369ABR-018-36-36,20.0,3956840
74369ABR-018-38-30,20.0,2952884
74369ABR-018-38-32,20.0,3081536
74369ABR-018-38-34,20.0,3956274
74369ABR-018-38-36,20.0,3956837
74369ABR-018-40-30,20.0,2622846
74369ABR-018-40-32,20.0,3956839
74369ABR-018-40-34,20.0,3956572
74369ABR-018-42-30,20.0,2465860
74369ABR-018-42-32,20.0,2622783
74369ABR-018-42-34,20.0,3574385
74369ABR-018-42-36,20.0,3956816
74369ABR-018-44-30,11.0,3956775
74369ABR-018-44-32,20.0,3081826
74369ABR-018-44-34,20.0,3956850
74369ABR-019-28-30,20.0,3108167
74369ABR-019-28-32,20.0,2440625
74369ABR-019-28-34,20.0,3032971
74369ABR-019-28-36,20.0,2439922
74369ABR-019-30-30,20.0,2725774
74369ABR-019-30-32,20.0,3032955
74369ABR-019-30-34,20.0,2726040
74369ABR-019-30-36,20.0,3107882
74369ABR-019-32-30,20.0,3536652
74369ABR-019-32-32,20.0,3130645
74369ABR-019-32-34,20.0,3108458
74369ABR-019-32-36,20.0,2725964
74369ABR-019-34-30,20.0,3539846
74369ABR-019-34-32,20.0,3108449
74369ABR-019-34-34,20.0,3033017
74369ABR-019-34-36,20.0,3108153
74369ABR-019-36-30,20.0,3536230
74369ABR-019-36-32,20.0,3540781
74369ABR-019-36-34,20.0,3536463
74369ABR-019-36-36,20.0,3073159
74369ABR-019-38-32,20.0,3536365
74369ABR-019-38-34,20.0,3536403
74369ABR-019-38-36,20.0,3540010
74369ABR-019-40-30,20.0,3280521
74369ABR-019-40-32,20.0,3540014
74369ABR-019-40-34,20.0,3418841
74369ABR-019-40-36,20.0,2725690
74369ABR-019-42-30,20.0,2928671
74369ABR-019-42-34,20.0,3536369
74369ABR-019-42-36,20.0,2928677
74369ABR-019-44-30,20.0,2725773
74369ABR-019-44-34,24.0,3418449
74369ABR-055-28-30,20.0,4229889
74369ABR-055-28-32,20.0,2622765
74369ABR-055-30-30,20.0,4229306
74369ABR-055-30-32,20.0,2706848
74369ABR-055-30-34,20.0,2706771
74369ABR-055-30-36,20.0,3131974
74369ABR-055-32-30,20.0,3132249
74369ABR-055-32-32,20.0,4229407
74369ABR-055-32-34,20.0,4163782
74369ABR-055-32-36,20.0,2706804
74369ABR-055-34-30,20.0,4163966
74369ABR-055-34-32,20.0,4229951
74369ABR-055-34-34,20.0,4229840
74369ABR-055-34-36,20.0,3067984
74369ABR-055-36-30,20.0,4229996
74369ABR-055-36-32,20.0,4229538
74369ABR-055-36-34,20.0,4229532
74369ABR-055-36-36,20.0,2641937
74369ABR-055-38-30,20.0,4163807
74369ABR-055-38-32,20.0,4229515
74369ABR-055-38-34,20.0,4229524
74369ABR-055-38-36,20.0,2614549
74369ABR-055-40-30,20.0,4230005
74369ABR-055-40-32,20.0,4229978
74369ABR-055-40-34,20.0,4229377
74369ABR-055-40-36,20.0,2756469
74369ABR-055-42-30,20.0,3068097
74369ABR-055-42-32,20.0,4229362
74369ABR-055-42-34,20.0,2461747
74369ABR-055-44-30,20.0,4230006
74369ABR-055-44-32,20.0,4229371
74369ABR-055-44-34,20.0,4229574
74369ABR-092-28-30,20.0,2642538
74369ABR-092-28-32,20.0,2641929
74369ABR-092-30-30,20.0,4229289
74369ABR-092-30-32,20.0,2642091
74369ABR-092-30-34,20.0,2614044
74369ABR-092-32-30,20.0,2642144
74369ABR-092-32-32,20.0,2756126
74369ABR-092-32-34,20.0,2756031
74369ABR-092-34-30,20.0,2622756
74369ABR-092-34-32,20.0,2641979
74369ABR-092-34-34,20.0,4229312
74369ABR-092-34-36,20.0,4229232
74369ABR-092-36-30,20.0,2622788
74369ABR-092-36-32,20.0,4229993
74369ABR-092-36-34,20.0,4230013
74369ABR-092-38-30,20.0,2622772
74369ABR-092-38-32,20.0,2642075
74369ABR-092-38-34,20.0,4229553
74369ABR-092-40-30,20.0,2465874
74369ABR-092-40-32,20.0,2622789
74369ABR-092-40-34,20.0,2642083
74369ABR-092-42-30,20.0,2614046
74369ABR-092-42-34,20.0,4229450
74369ABR-092-44-32,20.0,2614389
74369ABR-092-44-34,20.0,2641938
74369ABR-116-28-32,20.0,2846351
74369ABR-116-30-30,20.0,2725775
74369ABR-116-30-32,20.0,2846308
74369ABR-116-30-34,20.0,2726223
74369ABR-116-32-30,20.0,4198939
74369ABR-116-32-32,20.0,4199262
74369ABR-116-32-34,20.0,2846318
74369ABR-116-34-30,20.0,3126230
74369ABR-116-34-32,20.0,4199797
74369ABR-116-34-34,20.0,3032560
74369ABR-116-36-30,20.0,4199039
74369ABR-116-36-32,20.0,4199826
74369ABR-116-36-34,20.0,4199680
74369ABR-116-36-36,20.0,4200035
74369ABR-116-38-30,20.0,3032504
74369ABR-116-38-34,20.0,3126250
74369ABR-116-40-32,20.0,2656211
74369ABR-116-40-34,21.0,2528704
74369ABR-116-42-32,20.0,2467023
74369ABR-116-42-34,20.0,3032513
74369ABR-116-44-34,20.0,2402586
74369ABR-186-30-34,20.0,2756406
74369ABR-186-42-30,20.0,2986791
74369ABR-186-42-32,20.0,3574374
74369ABR-186-42-34,20.0,3574304
74369ABR-186-44-30,3.0,2986666
74369ABR-190-28-30,3.0,3261781
74369ABR-190-28-34,20.0,2709277
74369ABR-190-30-30,20.0,4164122
74369ABR-190-30-32,20.0,4163725
74369ABR-190-30-34,20.0,2709205
74369ABR-190-32-30,20.0,4163891
74369ABR-190-32-32,20.0,4199256
74369ABR-190-32-34,20.0,4198964
74369ABR-190-34-30,20.0,3539637
74369ABR-190-34-32,20.0,4164209
74369ABR-190-34-34,20.0,4200574
74369ABR-190-36-30,20.0,2709314
74369ABR-190-36-32,20.0,4199042
74369ABR-190-36-34,20.0,4199803
74369ABR-190-38-30,20.0,2709255
74369ABR-190-38-32,20.0,4199188
74369ABR-190-42-30,20.0,4163924
74369ABR-190-42-32,20.0,4163894
74369ABR-190-42-34,20.0,4164283
74369ABR-192-28-30,20.0,2784819
74369ABR-192-28-32,20.0,2677009
74369ABR-192-28-34,20.0,2785119
74369ABR-192-30-30,20.0,2649883
74369ABR-192-30-32,20.0,3206998
74369ABR-192-30-34,20.0,2859054
74369ABR-192-30-36,20.0,3072986
74369ABR-192-32-30,20.0,3206873
74369ABR-192-32-32,20.0,2784687
74369ABR-192-32-34,20.0,2859743
74369ABR-192-32-36,20.0,3032941
74369ABR-192-34-30,20.0,2859567
74369ABR-192-34-32,20.0,2859741
74369ABR-192-34-34,20.0,3032830
74369ABR-192-34-36,20.0,2784727
74369ABR-192-36-30,20.0,3072977
74369ABR-192-36-32,20.0,3032831
74369ABR-192-36-34,20.0,3206931
74369ABR-192-36-36,20.0,3073298
74369ABR-192-38-30,20.0,2783470
74369ABR-192-38-32,20.0,2784760
74369ABR-192-38-34,20.0,3206894
74369ABR-192-38-36,20.0,2784725
74369ABR-192-40-30,20.0,3073238
74369ABR-192-40-32,20.0,3206862
74369ABR-192-40-34,20.0,3032802
74369ABR-192-40-36,20.0,2784709
74369ABR-192-42-30,21.0,3032984
74369ABR-192-42-32,20.0,3206918
74369ABR-192-42-34,20.0,3072877
74369ABR-192-42-36,20.0,2785157
74369ABR-192-44-32,16.0,3032833
74369ABR-192-44-34,20.0,2785143
74369ABR-724-28-30,20.0,4165374
74369ABR-724-28-32,20.0,4165372
74369ABR-724-28-34,20.0,2766522
74369ABR-724-30-30,20.0,4165385
74369ABR-724-30-32,20.0,2962268
74369ABR-724-30-34,20.0,2885588
74369ABR-724-30-36,20.0,2962203
74369ABR-724-32-30,20.0,2962362
74369ABR-724-32-32,20.0,2962406
74369ABR-724-32-34,20.0,2962371
74369ABR-724-32-36,20.0,2766901
74369ABR-724-34-30,20.0,2962426
74369ABR-724-34-32,20.0,2962620
74369ABR-724-34-34,20.0,2962239
74369ABR-724-34-36,20.0,2755900
74369ABR-724-36-30,20.0,3014824
74369ABR-724-36-32,20.0,3206916
74369ABR-724-36-34,20.0,2885595
74369ABR-724-36-36,20.0,2883305
74369ABR-724-38-30,20.0,2883486
74369ABR-724-38-32,20.0,3119311
74369ABR-724-38-34,20.0,2883433
74369ABR-724-38-36,20.0,2632493
74369ABR-724-40-30,20.0,3120147
74369ABR-724-40-32,20.0,2962461
74369ABR-724-40-34,20.0,3119211
74369ABR-724-40-36,20.0,2755682
74369ABR-724-42-30,20.0,3014634
74369ABR-724-42-32,20.0,2766533
74369ABR-724-42-34,20.0,2756034
74369ABR-724-42-36,20.0,2766829
74369ABR-724-44-30,20.0,2755773
74369ABR-724-44-32,20.0,3119438
74369ABR-724-44-34,20.0,2755686
74369ABR-724-44-36,20.0,2756451
74370-750-30,3.0,1853764
74370-750-32,3.0,1853768
74370-750-34,3.0,1853805
74370-750-36,11.0,1856728
74370-750-40,6.0,1860111
74370-750-42,5.0,1943816
74370-750-44,3.0,1853800
74370-750-46,4.0,1943738
74370-750-48,3.0,1853819
74371-750-30,3.0,1853320
74371-750-32,3.0,1853317
74371-750-36,13.0,1856899
74371-750-38,10.0,1857030
74371-750-40,4.0,1943741
74371-750-42,4.0,1943735
74371-750-44,3.0,1853324
74371ABR-750-30,17.0,2959157
74371ABR-750-31,17.0,2959453
74371ABR-750-32,17.0,2959685
74371ABR-750-33,17.0,2959304
74371ABR-750-34,17.0,2958814
74371ABR-750-35,17.0,2958939
74371ABR-750-36,17.0,2959601
74371ABR-750-38,17.0,2959602
74371ABR-750-40,17.0,2959441
74371ABR-750-42,17.0,2959644
74371ABR-750-44,14.0,2958920
74371ABR-750-46,14.0,2959614
74371ABR-750-48,14.0,2959417
74434-092-28-36,3.0,1853786
74434-724-35-30,4.0,2643019
74434-724-35-36,3.0,1853799
74434ABR-019-28-30,20.0,4229432
74434ABR-019-28-32,20.0,4229568
74434ABR-019-28-34,20.0,2841824
74434ABR-019-28-36,20.0,2841526
74434ABR-019-30-30,20.0,4229452
74434ABR-019-30-32,20.0,4229365
74434ABR-019-30-34,20.0,3314942
74434ABR-019-30-36,20.0,2841727
74434ABR-019-31-30,20.0,2841298
74434ABR-019-31-32,20.0,2841853
74434ABR-019-31-34,20.0,2650027
74434ABR-019-31-36,20.0,2728793
74434ABR-019-32-30,20.0,4229520
74434ABR-019-32-32,20.0,4229854
74434ABR-019-32-34,20.0,3261693
74434ABR-019-32-36,20.0,2728471
74434ABR-019-33-30,20.0,2728548
74434ABR-019-33-32,20.0,2841841
74434ABR-019-33-34,20.0,2649116
74434ABR-019-33-36,20.0,2728762
74434ABR-019-34-30,20.0,2954487
74434ABR-019-34-32,20.0,4229387
74434ABR-019-34-34,20.0,4230184
74434ABR-019-35-30,20.0,2728498
74434ABR-019-35-32,20.0,2841794
74434ABR-019-35-34,20.0,2601692
74434ABR-019-35-36,20.0,2728765
74434ABR-019-36-30,20.0,2886438
74434ABR-019-36-32,20.0,4229870
74434ABR-019-36-34,20.0,4230027
74434ABR-019-36-36,20.0,2886191
74434ABR-019-38-30,20.0,2728657
74434ABR-019-38-32,20.0,2886436
74434ABR-019-38-34,20.0,4230191
74434ABR-019-38-36,20.0,2954398
74434ABR-019-40-30,20.0,2841869
74434ABR-019-40-32,20.0,2886328
74434ABR-019-40-34,20.0,2728474
74434ABR-019-40-36,20.0,2650063
74434ABR-019-42-30,20.0,2886257
74434ABR-019-42-32,20.0,3032486
74434ABR-019-42-34,20.0,2886471
74434ABR-019-42-36,20.0,2954516
74434ABR-019-44-30,20.0,2886360
74434ABR-019-44-34,12.0,4230113
74434ABR-019-44-36,20.0,2841721
74434ABR-055-28-30,20.0,4199415
74434ABR-055-28-32,20.0,4200440
74434ABR-055-28-34,20.0,2765775
74434ABR-055-28-36,20.0,2765745
74434ABR-055-30-30,20.0,4200810
74434ABR-055-30-32,20.0,3264745
74434ABR-055-30-34,20.0,4199727
74434ABR-055-30-36,20.0,4200013
74434ABR-055-31-30,20.0,2765676
74434ABR-055-31-32,20.0,2765779
74434ABR-055-31-34,20.0,4199781
74434ABR-055-32-30,20.0,4200133
74434ABR-055-32-32,20.0,4200129
74434ABR-055-32-34,20.0,4198993
74434ABR-055-33-30,20.0,2765647
74434ABR-055-33-32,20.0,2649346
74434ABR-055-33-34,20.0,2782825
74434ABR-055-34-30,20.0,3072956
74434ABR-055-34-32,20.0,4199223
74434ABR-055-34-34,20.0,4200811
74434ABR-055-34-36,20.0,4200529
74434ABR-055-35-30,20.0,2782888
74434ABR-055-35-32,20.0,4199007
74434ABR-055-36-30,20.0,2782648
74434ABR-055-36-32,20.0,3032789
74434ABR-055-36-34,20.0,4199837
74434ABR-055-36-36,20.0,4199232
74434ABR-055-38-30,20.0,2782587
74434ABR-055-38-32,20.0,4199723
74434ABR-055-38-34,20.0,2649227
74434ABR-055-38-36,20.0,4200809
74434ABR-055-40-30,20.0,2765614
74434ABR-055-40-32,20.0,2782607
74434ABR-055-40-34,20.0,2782795
74434ABR-055-40-36,20.0,4200017
74434ABR-055-42-30,20.0,4199787
74434ABR-055-42-32,20.0,2954179
74434ABR-055-42-34,20.0,2954193
74434ABR-055-42-36,20.0,4199214
74434ABR-055-44-30,20.0,2859895
74434ABR-055-44-32,20.0,3032753
74434ABR-055-44-34,20.0,4200122
74434ABR-092-30-30,24.0,4289936
74434ABR-092-32-30,24.0,4289925
74434ABR-092-32-32,24.0,4289706
74434ABR-092-32-34,24.0,4289705
74434ABR-092-32-36,20.0,2787103
74434ABR-092-33-36,20.0,2787071
74434ABR-092-34-30,24.0,4289928
74434ABR-092-34-32,24.0,4289711
74434ABR-092-34-34,24.0,4289583
74434ABR-092-35-36,20.0,2786980
74434ABR-092-36-32,24.0,4289697
74434ABR-092-38-30,20.0,3574271
74434ABR-092-38-32,24.0,4289641
74434ABR-092-38-36,20.0,2787126
74434ABR-092-40-36,20.0,2787002
74434ABR-098-28-30,20.0,3280501
74434ABR-098-28-32,20.0,3280546
74434ABR-098-28-34,20.0,3280553
74434ABR-098-28-36,20.0,2841087
74434ABR-098-30-30,20.0,3280510
74434ABR-098-30-32,20.0,3280421
74434ABR-098-30-34,20.0,3280517
74434ABR-098-30-36,19.0,2840902
74434ABR-098-31-30,20.0,2840869
74434ABR-098-31-32,20.0,2840926
74434ABR-098-31-34,20.0,2782416
74434ABR-098-31-36,20.0,2840901
74434ABR-098-32-30,20.0,3073332
74434ABR-098-32-32,20.0,3032715
74434ABR-098-32-34,20.0,3073344
74434ABR-098-33-30,20.0,2841081
74434ABR-098-33-32,20.0,2840913
74434ABR-098-33-34,20.0,2655863
74434ABR-098-33-36,20.0,2623021
74434ABR-098-34-30,20.0,3073025
74434ABR-098-34-34,20.0,4229548
74434ABR-098-34-36,20.0,2841085
74434ABR-098-35-30,19.0,3280405
74434ABR-098-35-32,13.0,3280458
74434ABR-098-36-30,20.0,2954506
74434ABR-098-36-34,20.0,4229682
74434ABR-098-36-36,20.0,2954577
74434ABR-098-38-30,20.0,2954498
74434ABR-098-38-32,20.0,3073201
74434ABR-098-38-34,20.0,3073143
74434ABR-098-38-36,20.0,3032727
74434ABR-098-40-30,20.0,2841020
74434ABR-098-40-32,20.0,3032739
74434ABR-098-40-36,20.0,2840751
74434ABR-098-42-30,20.0,3032766
74434ABR-098-42-32,20.0,3032764
74434ABR-098-42-34,20.0,2831491
74434ABR-098-42-36,20.0,2841054
74434ABR-098-44-30,20.0,2831392
74434ABR-116-28-30,20.0,2728898
74434ABR-116-28-32,20.0,2655991
74434ABR-116-28-34,20.0,2728901
74434ABR-116-30-30,20.0,2728924
74434ABR-116-30-32,20.0,3261652
74434ABR-116-30-34,20.0,2787265
74434ABR-116-31-30,20.0,2728982
74434ABR-116-31-32,20.0,2728978
74434ABR-116-31-34,20.0,2728988
74434ABR-116-32-30,20.0,3073254
74434ABR-116-32-32,20.0,4229829
74434ABR-116-32-34,20.0,2961356
74434ABR-116-32-36,20.0,2656076
74434ABR-116-33-30,20.0,2787258
74434ABR-116-33-32,20.0,2787262
74434ABR-116-33-34,20.0,2655992
74434ABR-116-33-36,20.0,2728958
74434ABR-116-34-30,20.0,3073068
74434ABR-116-34-32,20.0,4229657
74434ABR-116-34-34,20.0,4229927
74434ABR-116-34-36,20.0,2787013
74434ABR-116-35-30,20.0,2728904
74434ABR-116-35-32,20.0,2655996
74434ABR-116-35-34,20.0,2600768
74434ABR-116-35-36,20.0,2728957
74434ABR-116-36-30,20.0,2885973
74434ABR-116-36-32,20.0,4229818
74434ABR-116-36-34,20.0,4229778
74434ABR-116-38-30,20.0,2728881
74434ABR-116-38-32,20.0,3073228
74434ABR-116-38-34,20.0,4229756
74434ABR-116-40-30,20.0,2786921
74434ABR-116-40-32,20.0,2787247
74434ABR-116-42-30,20.0,2728967
74434ABR-116-42-32,20.0,2885960
74434ABR-116-44-30,20.0,2403065
74434ABR-116-44-32,20.0,2885992
74434ABR-116-44-36,20.0,2728956
74434ABR-186-28-30,15.0,4229681
74434ABR-186-28-36,20.0,2860103
74434ABR-186-30-32,20.0,4229879
74434ABR-186-30-34,20.0,4230206
74434ABR-186-30-36,20.0,2860225
74434ABR-186-31-30,20.0,2860133
74434ABR-186-31-32,20.0,2766821
74434ABR-186-31-36,20.0,2860126
74434ABR-186-32-30,20.0,4229580
74434ABR-186-32-32,20.0,4229669
74434ABR-186-32-34,20.0,4229572
74434ABR-186-33-30,20.0,2860116
74434ABR-186-33-32,19.0,2440590
74434ABR-186-33-36,20.0,2860072
74434ABR-186-34-32,20.0,4229603
74434ABR-186-34-34,20.0,4229451
74434ABR-186-35-30,20.0,2860121
74434ABR-186-35-34,20.0,2860124
74434ABR-186-35-36,20.0,2860131
74434ABR-186-36-32,20.0,4229263
74434ABR-186-36-34,20.0,4229478
74434ABR-186-38-30,20.0,2655834
74434ABR-186-38-32,20.0,4229449
74434ABR-186-38-34,20.0,4230518
74434ABR-186-40-30,20.0,2860132
74434ABR-186-40-34,20.0,4230519
74434ABR-186-40-36,20.0,2860081
74434ABR-186-42-30,20.0,2961324
74434ABR-186-42-34,20.0,4230205
74434ABR-186-44-30,20.0,2860219
74434ABR-186-44-32,13.0,4229898
74434ABR-190-34-32,20.0,4289829
74434ABR-192-28-30,20.0,2403070
74434ABR-192-28-32,20.0,3314913
74434ABR-192-28-36,19.0,2841762
74434ABR-192-30-30,20.0,3263069
74434ABR-192-30-32,20.0,3314896
74434ABR-192-30-34,20.0,2841083
74434ABR-192-30-36,20.0,2841037
74434ABR-192-31-30,20.0,2655896
74434ABR-192-31-32,20.0,2766814
74434ABR-192-31-34,20.0,2841506
74434ABR-192-31-36,19.0,2841253
74434ABR-192-32-30,20.0,3280522
74434ABR-192-32-32,24.0,4289593
74434ABR-192-32-34,20.0,3263067
74434ABR-192-32-36,20.0,2841051
74434ABR-192-33-30,20.0,2841817
74434ABR-192-33-32,24.0,4289437
74434ABR-192-33-34,24.0,4289826
74434ABR-192-34-30,20.0,2886033
74434ABR-192-34-32,24.0,4289443
74434ABR-192-34-34,24.0,4289827
74434ABR-192-34-36,20.0,3405838
74434ABR-192-35-30,20.0,3404838
74434ABR-192-35-32,24.0,4289581
74434ABR-192-35-34,24.0,4289648
74434ABR-192-35-36,20.0,2841349
74434ABR-192-36-30,20.0,2841868
74434ABR-192-36-32,24.0,4289654
74434ABR-192-36-34,20.0,2886122
74434ABR-192-38-30,20.0,2841040
74434ABR-192-38-32,24.0,4289652
74434ABR-192-38-34,20.0,2961344
74434ABR-192-38-36,13.0,2886035
74434ABR-192-40-30,20.0,2841023
74434ABR-192-40-32,20.0,2841520
74434ABR-192-40-34,20.0,2841724
74434ABR-192-42-30,20.0,2840882
74434ABR-192-42-32,20.0,2886114
74434ABR-192-42-34,20.0,2886040
74434ABR-192-44-30,20.0,2886088
74434ABR-192-44-32,20.0,2886130
74434ABR-192-44-34,20.0,2886670
74434ABR-724-28-30,20.0,2691335
74434ABR-724-28-32,20.0,4109093
74434ABR-724-28-36,20.0,2860079
74434ABR-724-30-30,20.0,4108906
74434ABR-724-30-32,20.0,3618776
74434ABR-724-30-34,20.0,3263074
74434ABR-724-30-36,20.0,2860104
74434ABR-724-31-30,18.0,3264753
74434ABR-724-31-32,20.0,3264789
74434ABR-724-31-36,20.0,2860108
74434ABR-724-32-30,20.0,4200608
74434ABR-724-32-32,20.0,4108980
74434ABR-724-32-34,20.0,3748639
74434ABR-724-32-36,20.0,4109459
74434ABR-724-33-30,20.0,2574649
74434ABR-724-33-32,20.0,4109265
74434ABR-724-33-36,20.0,2784988
74434ABR-724-34-30,20.0,4200126
74434ABR-724-34-32,20.0,4200663
74434ABR-724-34-34,20.0,4109376
74434ABR-724-35-30,20.0,2860089
74434ABR-724-35-32,20.0,4108922
74434ABR-724-35-34,14.0,4109390
74434ABR-724-35-36,20.0,2860136
74434ABR-724-36-30,20.0,4200612
74434ABR-724-36-32,20.0,4200656
74434ABR-724-36-34,20.0,4108966
74434ABR-724-36-36,20.0,4109300
74434ABR-724-38-30,20.0,2630971
74434ABR-724-38-32,20.0,4200759
74434ABR-724-38-34,20.0,4109458
74434ABR-724-38-36,20.0,4109450
74434ABR-724-40-30,20.0,3263068
74434ABR-724-40-32,20.0,4108938
74434ABR-724-40-34,20.0,4109381
74434ABR-724-40-36,19.0,4109288
74434ABR-724-42-30,20.0,2574707
74434ABR-724-42-32,20.0,4108896
74434ABR-724-42-34,20.0,4109512
74439-018-32-36,3.0,1853825
74439-018-36-34,20.0,946820
74439-018-36-36,3.0,1853837
74439-018-38-30,3.0,1853836
74439-018-40-36,4.0,1943720
74439-019-28-30,3.0,1853347
74439-019-34-30,4.0,1943717
74439-116-30-36,16.0,736944
74439ABR-019-30-30,20.0,2875141
74439ABR-019-32-30,20.0,2875162
74439ABR-019-32-34,20.0,2875148
74439ABR-019-34-30,20.0,2755395
74439ABR-019-34-34,20.0,2726149
74439ABR-019-36-30,20.0,2875048
74439ABR-019-36-34,20.0,2755442
74439ABR-019-38-30,20.0,2875207
74439ABR-019-38-32,20.0,2755448
74439ABR-019-38-34,20.0,2875151
74439ABR-019-40-32,20.0,2875154
74439ABR-019-44-30,1.0,2875209
74439ABR-055-28-30,20.0,2409921
74439ABR-055-30-32,20.0,2409954
74439ABR-055-32-34,20.0,2573173
74439ABR-055-34-30,20.0,2755342
74439ABR-055-34-32,20.0,2607109
74439ABR-055-34-34,20.0,2607176
74439ABR-055-36-34,20.0,2755447
74439ABR-055-44-30,2.0,2868950
74439ABR-724-34-32,20.0,3541844
74461-018-30-34,3.0,1853818
74461-018-30-36,3.0,1853808
74461-018-32-36,4.0,1943721
74461-018-40-36,3.0,1853813
74461-018-42-36,5.0,1943823
74461-018-44-34,3.0,1853311
74461-019-30-32,36.0,2631844
74461-019-32-34,36.0,2631846
74461-019-32-36,3.0,1853315
74461-019-34-34,36.0,2631847
74461-019-34-36,4.0,1943724
74461-019-36-36,3.0,1853313
74461-055-28-32,3.0,1853316
74461-055-30-30,4.0,1943769
74461-055-30-32,10.0,1857019
74461-055-30-34,4.0,1943761
74461-055-32-30,5.0,1943829
74461-055-32-32,30.0,943892
74461-055-32-34,6.0,1860085
74461-055-32-36,4.0,1943768
74461-055-34-34,4.0,1943759
74461-055-38-30,4.0,1943746
74461-055-38-34,3.0,1853846
74461-055-38-36,4.0,1943748
74461-055-44-32,3.0,1853839
74461ABR-019-34-32,36.0,2958800
74462-019-30-34,4.0,1943755
74462-724-28-30,3.0,1853851
74462-724-30-30,3.0,1853850
74462-724-34-30,5.0,1943828
74462-724-34-36,6.0,1860082
74462-724-36-34,4.0,1943744
74462-724-36-36,4.0,1943743
74462-724-38-34,3.0,1853835
74462-724-40-34,4.0,1943732
74462-724-44-34,3.0,1853828
74462ABR-724-30-32,20.0,2715145
74462ABR-724-34-30,20.0,2715150
74462ABR-724-36-34,20.0,2715147
74462ABR-724-44-34,1.0,3120149
74465ABR-649-28-30,23.0,2859094
74465ABR-649-28-32,24.0,2630930
74465ABR-649-30-30,24.0,3618643
74465ABR-649-30-32,24.0,3748650
74465ABR-649-30-34,24.0,3618724
74465ABR-649-30-36,24.0,3618518
74465ABR-649-31-34,18.0,3618103
74465ABR-649-32-36,24.0,3316141
74465ABR-649-34-30,24.0,3618718
74465ABR-649-40-30,24.0,3618523
74481-019-28-36,3.0,1853840
74481-070-28-36,4.0,1943773
74506-092-36-32,3.0,1853849
74506ABR-019-30-30,12.0,2783159
74506ABR-019-30-32,12.0,2783196
74506ABR-019-30-36,12.0,2784667
74506ABR-019-32-30,12.0,2784782
74506ABR-019-32-36,12.0,2783147
74506ABR-019-34-30,12.0,2783182
74506ABR-019-36-30,12.0,2784827
74506ABR-019-36-32,12.0,2784718
74506ABR-019-38-30,12.0,2784751
74506ABR-019-38-32,12.0,2784701
74506ABR-019-38-34,12.0,2782922
74506ABR-019-38-36,12.0,2783148
74506ABR-019-40-30,12.0,2783169
74506ABR-019-40-32,12.0,2784664
74506ABR-019-40-34,12.0,2783191
74506ABR-019-42-30,12.0,2783201
74506ABR-019-42-32,12.0,2783229
74506ABR-019-42-36,12.0,2783121
74506ABR-019-44-30,12.0,2784761
74506ABR-019-44-32,12.0,2783085
74506ABR-186-28-30,12.0,2574455
74506ABR-186-28-32,12.0,2574706
74506ABR-186-28-34,12.0,2574611
74506ABR-186-30-32,12.0,2574940
74506ABR-186-30-34,12.0,2574654
74506ABR-186-32-30,12.0,2574805
74506ABR-186-32-34,12.0,2429083
74506ABR-186-32-36,12.0,2574453
74506ABR-186-34-30,12.0,2574814
74506ABR-186-34-32,12.0,2574716
74506ABR-186-34-34,12.0,2574664
74506ABR-186-34-36,12.0,2574619
74506ABR-186-36-30,12.0,2574696
74506ABR-186-36-32,12.0,2574821
74506ABR-186-36-34,12.0,2574549
74506ABR-186-36-36,12.0,2574530
74506ABR-186-38-30,12.0,2576160
74506ABR-186-38-32,12.0,2574477
74506ABR-186-38-34,12.0,2574537
74506ABR-186-40-30,12.0,2428420
74506ABR-186-40-32,12.0,2428699
74506ABR-186-40-34,12.0,2429029
74506ABR-186-42-32,12.0,2574441
74506ABR-186-44-30,12.0,2428518
74506ABR-186-44-32,12.0,2428597
74506ABR-724-28-30,12.0,2472611
74506ABR-724-30-30,12.0,2470370
74506ABR-724-30-32,12.0,2472634
74506ABR-724-30-34,12.0,2472651
74506ABR-724-30-36,12.0,2472401
74506ABR-724-32-30,12.0,2472614
74506ABR-724-32-32,12.0,2472132
74506ABR-724-32-34,12.0,2472666
74506ABR-724-34-30,12.0,2472658
74506ABR-724-34-32,12.0,2472635
74506ABR-724-34-34,12.0,2472150
74506ABR-724-34-36,12.0,2472624
74506ABR-724-36-30,12.0,2472625
74506ABR-724-36-32,12.0,2472571
74506ABR-724-36-34,12.0,2472574
74506ABR-724-36-36,12.0,2472398
74506ABR-724-38-30,12.0,2472660
74506ABR-724-38-32,12.0,2470888
74506ABR-724-38-34,12.0,2472669
74506ABR-724-38-36,12.0,2471270
74506ABR-724-40-30,12.0,2471732
74506ABR-724-40-32,13.0,2472588
74506ABR-724-40-34,12.0,2472020
74506ABR-724-40-36,12.0,2472603
74506ABR-724-42-32,12.0,2472066
74506ABR-724-42-34,12.0,2470484
74506ABR-724-42-36,12.0,2471862
74506ABR-724-44-32,12.0,2472389
74506ABR-724-44-34,12.0,2470480
74506MCABR-169-28-32,12.0,2766680
74506MCABR-169-30-34,12.0,2766192
74506MCABR-169-30-36,12.0,2403802
74506MCABR-169-32-30,12.0,2766699
74506MCABR-169-32-36,12.0,2766700
74506MCABR-169-34-32,12.0,2767068
74506MCABR-169-34-34,12.0,2766513
74506MCABR-169-34-36,12.0,2766545
74506MCABR-169-36-32,12.0,2766474
74506MCABR-169-36-34,12.0,2766546
74506MCABR-169-36-36,12.0,2766693
74506MCABR-169-38-30,12.0,2766509
74506MCABR-169-38-32,12.0,2766540
74506MCABR-169-38-34,12.0,2766468
74506MCABR-169-40-32,12.0,2766701
74512-019-28-36,3.0,1856392
74512-055-40-30,5.0,1944848
74512-055-44-36,4.0,1943775
74512ABR-019-28-30,20.0,2650025
74512ABR-019-28-32,20.0,2573271
74512ABR-019-28-34,20.0,2875110
74512ABR-019-30-32,20.0,2832385
74512ABR-019-30-34,20.0,2729240
74512ABR-019-30-36,20.0,2396720
74512ABR-019-31-30,20.0,2396207
74512ABR-019-31-32,20.0,2576451
74512ABR-019-31-34,20.0,2396133
74512ABR-019-32-30,20.0,2650008
74512ABR-019-32-32,20.0,2875089
74512ABR-019-32-34,20.0,2875073
74512ABR-019-32-36,20.0,2396709
74512ABR-019-33-30,20.0,2396745
74512ABR-019-33-32,20.0,2403675
74512ABR-019-33-34,20.0,2396716
74512ABR-019-33-36,20.0,2396138
74512ABR-019-34-32,20.0,2573022
74512ABR-019-34-34,20.0,2875103
74512ABR-019-34-36,20.0,2396522
74512ABR-019-35-30,20.0,2461859
74512ABR-019-35-32,20.0,2875109
74512ABR-019-35-34,20.0,2729211
74512ABR-019-35-36,20.0,2396209
74512ABR-019-36-30,20.0,2462143
74512ABR-019-36-32,20.0,2573072
74512ABR-019-36-34,20.0,2875084
74512ABR-019-36-36,20.0,2396038
74512ABR-019-38-30,20.0,2462081
74512ABR-019-38-36,20.0,2396419
74512ABR-019-40-30,20.0,2650047
74512ABR-019-40-32,20.0,2707133
74512ABR-019-40-34,20.0,2576448
74512ABR-019-40-36,20.0,2576823
74512ABR-019-42-30,20.0,2462079
74512ABR-019-42-32,20.0,2707394
74512ABR-019-42-34,20.0,2462135
74512ABR-019-44-32,20.0,2396468
74512ABR-055-28-30,20.0,2726378
74512ABR-055-28-32,21.0,2607367
74512ABR-055-30-30,20.0,2628655
74512ABR-055-30-32,21.0,2549133
74512ABR-055-30-34,21.0,2607381
74512ABR-055-31-32,21.0,2607441
74512ABR-055-31-34,20.0,2628555
74512ABR-055-31-36,20.0,2403860
74512ABR-055-32-30,20.0,3536210
74512ABR-055-32-32,21.0,2607361
74512ABR-055-32-34,21.0,2549064
74512ABR-055-33-30,20.0,2628547
74512ABR-055-33-32,21.0,2607414
74512ABR-055-33-34,21.0,2607374
74512ABR-055-34-30,20.0,3541863
74512ABR-055-34-32,20.0,3541657
74512ABR-055-34-34,21.0,2548837
74512ABR-055-34-36,20.0,2549271
74512ABR-055-35-30,20.0,2548829
74512ABR-055-35-32,21.0,2549023
74512ABR-055-35-34,21.0,2607377
74512ABR-055-36-30,20.0,3686105
74512ABR-055-36-32,20.0,3541577
74512ABR-055-36-34,21.0,2607376
74512ABR-055-36-36,21.0,2726393
74512ABR-055-38-30,20.0,2875106
74512ABR-055-38-32,20.0,3108540
74512ABR-055-38-34,21.0,2607433
74512ABR-055-38-36,20.0,2512196
74512ABR-055-40-30,20.0,2875140
74512ABR-055-40-32,20.0,2511865
74512ABR-055-40-34,21.0,2607412
74512ABR-055-40-36,20.0,2511753
74512ABR-055-42-30,20.0,2548824
74512ABR-055-42-32,20.0,2875132
74512ABR-055-42-34,20.0,2549143
74512ABR-055-44-30,20.0,2511863
74512ABR-055-44-32,20.0,2549116
74512ABR-055-44-34,20.0,2549022
74512ABR-134-28-30,20.0,2549054
74512ABR-134-28-32,20.0,2549267
74512ABR-134-28-34,20.0,2549257
74512ABR-134-30-30,20.0,2726187
74512ABR-134-30-32,20.0,2549007
74512ABR-134-30-34,20.0,2549335
74512ABR-134-31-30,20.0,2549002
74512ABR-134-31-32,20.0,2548996
74512ABR-134-32-30,20.0,2548903
74512ABR-134-32-32,20.0,2403639
74512ABR-134-32-34,20.0,2549108
74512ABR-134-33-30,20.0,2549100
74512ABR-134-33-32,20.0,2549159
74512ABR-134-33-34,20.0,2548997
74512ABR-134-34-30,20.0,2549163
74512ABR-134-34-32,20.0,2549326
74512ABR-134-34-34,20.0,2549334
74512ABR-134-35-30,20.0,2548978
74512ABR-134-35-34,20.0,2549319
74512ABR-134-36-30,20.0,2726196
74512ABR-134-36-32,20.0,2549151
74512ABR-134-36-34,20.0,2549258
74512ABR-134-38-30,20.0,2548909
74512ABR-134-38-32,20.0,2549106
74512ABR-134-38-36,20.0,2548912
74512ABR-134-40-32,20.0,2548831
74512ABR-134-40-34,20.0,2548902
74512ABR-134-42-30,20.0,2549037
74512ABR-134-42-32,20.0,2549102
74512ABR-134-42-34,20.0,2549228
74512ABR-134-44-32,20.0,2549149
74512ABR-186-28-30,20.0,2755064
74512ABR-186-28-32,20.0,2403689
74512ABR-186-30-30,20.0,2403920
74512ABR-186-30-32,20.0,2543060
74512ABR-186-30-34,20.0,2403501
74512ABR-186-30-36,20.0,2729219
74512ABR-186-31-30,20.0,2403505
74512ABR-186-31-32,20.0,2631989
74512ABR-186-31-34,20.0,2631951
74512ABR-186-31-36,20.0,2729221
74512ABR-186-32-30,20.0,2403918
74512ABR-186-32-32,20.0,2403545
74512ABR-186-32-34,20.0,2729057
74512ABR-186-33-30,20.0,2403652
74512ABR-186-33-32,21.0,2686745
74512ABR-186-33-34,20.0,2403640
74512ABR-186-34-30,20.0,2755063
74512ABR-186-34-32,20.0,2755037
74512ABR-186-34-36,20.0,2403927
74512ABR-186-35-32,20.0,2631955
74512ABR-186-35-34,20.0,2403693
74512ABR-186-36-30,20.0,2755246
74512ABR-186-36-32,20.0,2755074
74512ABR-186-38-30,20.0,2755238
74512ABR-186-38-32,20.0,2403650
74512ABR-186-38-34,20.0,2404035
74512ABR-186-38-36,20.0,2403938
74512ABR-186-40-30,20.0,2728994
74512ABR-186-40-32,20.0,2755235
74512ABR-724-28-30,20.0,2628501
74512ABR-724-28-34,20.0,2726160
74512ABR-724-30-30,20.0,2726167
74512ABR-724-30-32,20.0,3537188
74512ABR-724-30-34,20.0,2476637
74512ABR-724-31-34,20.0,2755243
74512ABR-724-31-36,20.0,2726208
74512ABR-724-32-30,20.0,3537194
74512ABR-724-32-32,20.0,3536151
74512ABR-724-32-34,20.0,3536122
74512ABR-724-33-30,20.0,2726218
74512ABR-724-33-32,20.0,2628474
74512ABR-724-33-34,20.0,2755061
74512ABR-724-34-30,20.0,2512299
74512ABR-724-34-32,20.0,3442106
74512ABR-724-34-34,20.0,2755237
74512ABR-724-34-36,20.0,3536152
74512ABR-724-35-32,20.0,2549206
74512ABR-724-35-34,20.0,2628553
74512ABR-724-36-30,20.0,2628559
74512ABR-724-36-32,20.0,3536115
74512ABR-724-36-34,20.0,2880256
74512ABR-724-38-30,20.0,2549216
74512ABR-724-38-32,20.0,2628542
74512ABR-724-38-34,20.0,3536134
74512ABR-724-40-32,20.0,2511928
74512ABR-724-40-34,20.0,2548953
74512ABR-724-42-32,20.0,3536131
74512ABR-724-44-36,20.0,2755327
74517-055-28-30,4.0,1943747
74517-055-30-34,3.0,1856656
74517-055-30-36,3.0,1856648
74517-080-28-36,6.0,1860086
74517-080-30-36,3.0,1856653
74517-080-31-36,3.0,1856408
74517-080-35-36,3.0,1856474
74517-080-36-36,3.0,1853856
74517-186-30-36,4.0,1943749
74520-055-28-34,3.0,1853860
74520-055-33-36,3.0,1853852
74520-134-31-36,4.0,1943774
74520-186-31-36,4.0,1943763
74520-186-42-36,4.0,1943779
74520-724-35-36,3.0,1853863
74520-724-40-36,3.0,1853862
74520ABR-019-28-30,20.0,2708581
74520ABR-019-28-32,20.0,2708548
74520ABR-019-28-34,20.0,2708438
74520ABR-019-30-30,20.0,3958718
74520ABR-019-30-32,20.0,4199382
74520ABR-019-30-34,20.0,2628282
74520ABR-019-31-30,20.0,4199708
74520ABR-019-31-32,13.0,4200146
74520ABR-019-31-34,20.0,3108055
74520ABR-019-32-30,20.0,3958660
74520ABR-019-32-32,20.0,3481231
74520ABR-019-32-34,20.0,2708495
74520ABR-019-32-36,20.0,3958690
74520ABR-019-33-30,20.0,4199377
74520ABR-019-33-32,20.0,4200555
74520ABR-019-33-34,20.0,3958696
74520ABR-019-34-30,20.0,4200823
74520ABR-019-34-32,20.0,3959004
74520ABR-019-34-34,20.0,3958697
74520ABR-019-34-36,20.0,3958703
74520ABR-019-35-32,20.0,4200552
74520ABR-019-35-34,17.0,4200420
74520ABR-019-36-30,20.0,4199804
74520ABR-019-36-32,20.0,4199800
74520ABR-019-36-34,20.0,3958701
74520ABR-019-36-36,20.0,3959014
74520ABR-019-38-30,20.0,4199703
74520ABR-019-38-32,20.0,4200554
74520ABR-019-38-34,20.0,3958654
74520ABR-019-38-36,20.0,3958666
74520ABR-019-40-30,20.0,2628278
74520ABR-019-40-32,20.0,4200553
74520ABR-019-40-36,20.0,3958693
74520ABR-055-28-32,20.0,2708573
74520ABR-055-28-34,20.0,2708484
74520ABR-055-30-30,20.0,4230528
74520ABR-055-30-32,20.0,4230253
74520ABR-055-30-34,20.0,2628294
74520ABR-055-31-32,12.0,4230143
74520ABR-055-31-34,1.0,3262812
74520ABR-055-32-30,20.0,4230215
74520ABR-055-32-32,20.0,4230246
74520ABR-055-32-34,20.0,2708464
74520ABR-055-32-36,20.0,2708423
74520ABR-055-33-30,11.0,4230264
74520ABR-055-33-32,20.0,4230239
74520ABR-055-34-30,20.0,4230529
74520ABR-055-34-32,20.0,4230225
74520ABR-055-34-34,20.0,4023601
74520ABR-055-34-36,20.0,4230234
74520ABR-055-36-30,20.0,4230129
74520ABR-055-36-32,20.0,4023515
74520ABR-055-36-34,20.0,4023609
74520ABR-055-36-36,20.0,4230255
74520ABR-055-38-30,20.0,4230257
74520ABR-055-38-32,20.0,4230277
74520ABR-055-38-34,20.0,4230250
74520ABR-055-38-36,20.0,2708584
74520ABR-055-40-30,20.0,2708606
74520ABR-055-40-32,20.0,4230261
74520ABR-055-40-34,20.0,2708657
74520ABR-055-40-36,20.0,2708593
74520ABR-134-28-30,20.0,2623081
74520ABR-134-30-30,20.0,4200577
74520ABR-134-30-32,20.0,2782306
74520ABR-134-30-34,20.0,2782515
74520ABR-134-32-30,20.0,4200426
74520ABR-134-32-32,20.0,3958624
74520ABR-134-32-34,20.0,2728906
74520ABR-134-34-30,20.0,4200579
74520ABR-134-34-32,20.0,4199009
74520ABR-134-34-34,20.0,4199017
74520ABR-134-36-30,20.0,4200418
74520ABR-134-36-32,20.0,4200581
74520ABR-134-36-34,20.0,3958745
74520ABR-134-36-36,20.0,3958800
74520ABR-134-38-30,20.0,2601663
74520ABR-134-38-32,20.0,4200827
74520ABR-134-38-34,20.0,4200423
74520ABR-134-40-30,20.0,2782468
74520ABR-134-40-34,20.0,2623367
74520ABR-186-28-32,20.0,2528460
74520ABR-186-28-34,20.0,2728934
74520ABR-186-28-36,20.0,2728948
74520ABR-186-30-30,20.0,3033131
74520ABR-186-30-32,20.0,3033073
74520ABR-186-30-34,20.0,2729160
74520ABR-186-31-34,18.0,4023476
74520ABR-186-32-30,20.0,4023581
74520ABR-186-32-32,20.0,4200706
74520ABR-186-32-34,20.0,3033069
74520ABR-186-32-36,19.0,3618474
74520ABR-186-33-32,14.0,3316113
74520ABR-186-33-34,20.0,4023602
74520ABR-186-34-30,20.0,4023454
74520ABR-186-34-32,20.0,4023619
74520ABR-186-34-34,20.0,3481295
74520ABR-186-34-36,20.0,3618492
74520ABR-186-35-34,20.0,3108332
74520ABR-186-36-30,20.0,4023583
74520ABR-186-36-32,20.0,4023518
74520ABR-186-36-34,20.0,4200749
74520ABR-186-38-30,20.0,2528800
74520ABR-186-38-32,20.0,4023599
74520ABR-186-38-34,21.0,4200666
74520ABR-186-40-34,20.0,4023612
74520ABR-724-30-36,14.0,2783475
74520ABR-724-32-32,20.0,4200582
74520ABR-724-32-34,20.0,2784456
74520ABR-724-34-30,20.0,4200711
74520ABR-724-34-32,20.0,4200040
74520ABR-724-34-34,20.0,3956608
74520ABR-724-34-36,20.0,2784360
74520ABR-724-36-34,20.0,3956782
74520ABR-724-36-36,20.0,2784284
74520ABR-724-38-34,20.0,2783268
74521-055-28-36,4.0,1943760
74521-055-40-36,3.0,1853861
74521ABR-019-28-30,20.0,2655581
74521ABR-019-30-32,20.0,3956267
74521ABR-019-30-34,20.0,2429086
74521ABR-019-31-32,12.0,3956443
74521ABR-019-31-34,17.0,3262822
74521ABR-019-32-30,20.0,4199806
74521ABR-019-32-32,20.0,4199375
74521ABR-019-32-34,20.0,2961416
74521ABR-019-32-36,20.0,2729258
74521ABR-019-33-32,20.0,3956367
74521ABR-019-33-34,15.0,3481210
74521ABR-019-33-36,20.0,2472496
74521ABR-019-34-32,20.0,4199052
74521ABR-019-34-34,20.0,4199814
74521ABR-019-35-32,16.0,4199269
74521ABR-019-35-34,20.0,4199697
74521ABR-019-35-36,15.0,3262878
74521ABR-019-36-30,20.0,4199370
74521ABR-019-36-32,20.0,3956674
74521ABR-019-36-34,20.0,4199364
74521ABR-019-36-36,19.0,4200053
74521ABR-019-38-30,20.0,3262827
74521ABR-019-38-32,20.0,4200060
74521ABR-019-38-34,20.0,4200047
74521ABR-019-38-36,20.0,3956529
74521ABR-019-40-30,20.0,4199685
74521ABR-019-40-32,20.0,3481336
74521ABR-019-40-34,20.0,4199805
74521ABR-019-40-36,20.0,3415455
74521ABR-055-28-30,9.0,2885738
74521ABR-055-28-32,9.0,2885741
74521ABR-055-30-30,20.0,2655575
74521ABR-055-30-34,20.0,2428932
74521ABR-055-32-30,20.0,4199178
74521ABR-055-32-32,20.0,4199271
74521ABR-055-32-34,20.0,2631606
74521ABR-055-33-34,11.0,3415303
74521ABR-055-34-32,20.0,4199061
74521ABR-055-34-34,20.0,2655637
74521ABR-055-36-30,20.0,2655516
74521ABR-055-36-32,20.0,4198938
74521ABR-055-36-34,20.0,4199060
74521ABR-055-36-36,20.0,3454831
74521ABR-055-38-30,20.0,2528453
74521ABR-055-38-32,20.0,4199373
74521ABR-055-38-34,20.0,2885757
74521ABR-055-40-30,14.0,2885874
74521ABR-055-40-32,20.0,2429141
74521ABR-055-40-34,10.0,2885733
74521ABR-134-32-32,20.0,4199275
74521ABR-134-34-32,20.0,4199817
74521ABR-134-36-32,20.0,4200056
74521ABR-134-38-30,11.0,2885822
74521ABR-134-38-34,20.0,3454620
74521ABR-134-40-32,20.0,2729236
74521ABR-186-28-32,20.0,2576400
74521ABR-186-30-30,20.0,4230247
74521ABR-186-30-34,20.0,2428334
74521ABR-186-31-30,17.0,3415326
74521ABR-186-32-32,20.0,4230248
74521ABR-186-32-34,20.0,4230534
74521ABR-186-33-34,18.0,3454720
74521ABR-186-34-30,20.0,3956773
74521ABR-186-34-32,20.0,4230509
74521ABR-186-36-30,20.0,4230523
74521ABR-186-36-32,20.0,3956776
74521ABR-186-38-32,20.0,3956720
74521ABR-186-38-34,20.0,3316179
74521ABR-186-38-36,20.0,3415315
74521ABR-186-40-30,20.0,4230521
74521ABR-186-40-32,20.0,4230525
74521ABR-258-28-30,19.0,2729110
74521ABR-258-30-32,20.0,2528624
74521ABR-258-30-34,17.0,2729250
74521ABR-258-32-30,20.0,4285867
74521ABR-258-32-32,20.0,4285865
74521ABR-258-34-32,20.0,4285868
74521ABR-258-36-32,20.0,3956096
74521ABR-258-36-34,20.0,4285869
74521ABR-258-38-34,20.0,3956290
74521ABR-258-40-32,20.0,3956457
74521ABR-724-31-34,20.0,3072938
74521ABR-724-32-30,20.0,4200049
74521ABR-724-32-32,20.0,4200165
74521ABR-724-32-34,20.0,4199185
74521ABR-724-32-36,21.0,2961294
74521ABR-724-33-30,20.0,3073088
74521ABR-724-33-34,18.0,4199183
74521ABR-724-34-30,20.0,4200413
74521ABR-724-34-32,20.0,4200829
74521ABR-724-34-34,20.0,4199191
74521ABR-724-34-36,20.0,2729304
74521ABR-724-35-34,20.0,3956176
74521ABR-724-36-30,20.0,2630586
74521ABR-724-36-32,20.0,4200834
74521ABR-724-36-34,20.0,3956080
74521ABR-724-36-36,22.0,2630664
74521ABR-724-38-30,21.0,2961242
74521ABR-724-38-32,20.0,4200714
74521ABR-724-38-34,20.0,4198963
74521ABR-724-38-36,20.0,3956741
74521ABR-724-40-30,20.0,2885873
74521ABR-724-40-32,20.0,4200717
74521ABR-724-40-34,20.0,3956314
74521ABR-724-40-36,20.0,3956262
74533-116-36-34,4.0,2942251
74533-116-44-36,4.0,1943791
74533-596-30-32,5.0,1944874
74533-596-32-32,6.0,1860121
74533-596-34-34,5.0,1944875
74533-596-36-34,3.0,1853865
74544ABR-098-30-34,24.0,3858277
74544ABR-098-32-32,24.0,3858280
74544ABR-098-34-32,24.0,3858276
74544ABR-1238-32-32,24.0,2677041
74544ABR-1238-34-32,24.0,2677039
74544ABR-1238-34-34,24.0,2677021
74544ABR-134-30-32,24.0,3858229
74544ABR-134-32-32,24.0,3858266
74544ABR-134-34-32,24.0,3858271
74544ABR-134-34-34,24.0,3858273
74544ABR-134-36-34,24.0,3857985
74544ABR-134-38-34,24.0,3857973
74547-019-32-34,24.0,2635102
74549-724-30-36,21.0,2629380
74549-724-31-36,3.0,1853524
74549-724-40-36,3.0,1856702
74549-724-44-36,4.0,1943834
74549ABR-724-38-36,24.0,2953006
74571-019-XL,5.0,2947458
74571-120-XL,5.0,1944912
7610069-186-M-R,36.0,3033519
7610081-019-L,30.0,3748871
7610081-019-XS,20.0,3748936
7610085-019-L,40.0,3102273
7610085-019-M,40.0,3102242
7610085-019-S,40.0,3102310
7610085MC-169-1X,24.0,3540614
7610085MC-169-L,24.0,3540591
7610085MC-169-M,24.0,3540612
7610085MC-169-S,24.0,3540606
7610085MC-169-XL,24.0,3540584
7610086-019-M,16.0,3340123
7610086-019-S,16.0,3340131
7610086MC-169-2XL,20.0,3539738
7610086MC-169-L,20.0,3539739
7610086MC-169-M,20.0,3539659
7610086MC-169-S,20.0,3539674
7610086MC-169-XL,20.0,3539672
7610110-010-M-R,36.0,3759196
7610110-010-S-R,36.0,3759241
76166AKY-186-2XL-R,20.0,2917000
76167AJZ-186-2XL-R,30.0,3003937
76167AJZ-186-L-R,34.0,3004015
76167AJZ-186-S-R,16.0,3003997
76167AJZ-186-XL-R,34.0,3003958
76167AKL-019-2XL-R,23.0,3004009
76193BE-016-L,5.0,1944923
76193BE-016-M,4.0,1943832
76193BE-016-S,3.0,1856410
76193BE-721-L,3.0,1853869
76193BE-721-M,3.0,1853871
76193BE-721-S,3.0,1853873
76193BE-721-XL,3.0,1856406
76193FR-016-L,4.0,1943833
76193FR-016-M,3.0,1856500
76193FR-016-S,3.0,1856493
76193FR-721-L,4.0,1943782
76193FR-721-M,3.0,1856483
76193FR-721-S,3.0,1853448
76193LI-186-L,50.0,2629171
76193LI-186-M,4.0,1943776
76194GM-019-L,8.0,1837176
76194GM-019-M,6.0,1860115
76194GM-019-S,3.0,1853432
76194GM-019-XL,5.0,1944917
76194GM-186-L,50.0,2629086
76194GM-186-M,3.0,1853453
76194UK-019-L,4.0,1943805
76194UK-019-S,3.0,1856448
76234BE-186-L,4.0,1943802
76234BE-186-M,3.0,1856541
76234BE-721-L,4.0,1943809
76234BE-721-M,4.0,1943800
76234FR-186-S,49.0,2666260
76234FR-721-S,47.0,2666310
76339FR-016-2XL,4.0,1943807
76339FR-016-M,50.0,2666134
76339GM-016-2XL,5.0,1944926
76339GM-016-L,7.0,2751513
76339GM-016-M,50.0,2666167
76339GM-016-S,50.0,2666186
76340FR-186-M,50.0,2666215
76340GM-186-L,4.0,1943812
76340SP-186-M,50.0,2666228
76344GM-186-M,4.0,1943821
76344UK-186-L,4.0,1943811
76346FR-019-M,4.0,1943797
7640028-080-12-R,18.0,3032682
7640028-080-14-R,18.0,3032662
7640028-080-16-R,18.0,3032689
7640028-080-4-L,10.0,3032680
7640028-080-4-R,18.0,3032581
7640028-080-6-L,10.0,3032685
7640028-080-6-R,18.0,3032658
7640028-080-8-R,18.0,3032681
7640028-098-14-R,18.0,3130310
7640029-019-L-R,30.0,3748843
7640029-019-M-R,30.0,3748840
7640032-019-0-R,20.0,3955992
7640032-019-10-L,20.0,3956317
7640032-019-10-R,20.0,3956172
7640032-019-12-L,16.0,3956043
7640032-019-12-R,20.0,2831359
7640032-019-14-R,20.0,3955995
7640032-019-16-R,20.0,3956318
7640032-019-2-L,16.0,3956004
7640032-019-2-R,20.0,3956173
7640032-019-4-L,20.0,3956253
7640032-019-4-R,20.0,3956158
7640032-019-6-L,20.0,3956162
7640032-019-6-R,20.0,3956163
7640032-019-8-L,20.0,3956254
7640032-019-8-R,20.0,3956170
7640032-055-0-R,17.0,3958995
7640032-055-10-L,12.0,3958928
7640032-055-10-R,20.0,3958924
7640032-055-12-R,20.0,3958998
7640032-055-14-R,20.0,2859933
7640032-055-2-L,15.0,3959047
7640032-055-2-R,20.0,3959042
7640032-055-4-L,20.0,3959002
7640032-055-4-R,20.0,2860145
7640032-055-6-L,20.0,3958735
7640032-055-6-R,20.0,3958999
7640032-055-8-L,16.0,3958955
7640032-055-8-R,20.0,3959044
7640032-186-0-L,8.0,3958751
7640032-186-0-R,20.0,3958962
7640032-186-10-L,20.0,2859799
7640032-186-10-R,20.0,3958848
7640032-186-12-L,20.0,2859827
7640032-186-12-R,20.0,2859786
7640032-186-14-L,9.0,3958748
7640032-186-14-R,20.0,3958951
7640032-186-16-L,12.0,3958856
7640032-186-16-R,20.0,2859925
7640032-186-2-L,15.0,3958753
7640032-186-2-R,20.0,3958922
7640032-186-4-L,20.0,3958929
7640032-186-4-R,20.0,3958889
7640032-186-6-L,20.0,3958849
7640032-186-6-R,20.0,2859785
7640032-186-8-L,20.0,2859795
7640032-186-8-R,20.0,3958734
7640032-724-0-R,20.0,3958818
7640032-724-10-L,14.0,3958723
7640032-724-10-R,20.0,2886651
7640032-724-12-R,20.0,2886656
7640032-724-14-R,20.0,2886483
7640032-724-16-R,20.0,2886654
7640032-724-2-L,20.0,3958717
7640032-724-2-R,20.0,3958725
7640032-724-4-L,13.0,3958672
7640032-724-4-R,20.0,3958898
7640032-724-6-L,20.0,3958674
7640032-724-6-R,20.0,3958769
7640032-724-8-L,20.0,3958827
7640032-724-8-R,20.0,3958680
7680009-019-L-R,9.0,3119802
7680009-019-M-R,9.0,3119528
7680009-019-S-R,9.0,3119761
7680009-019-XL-R,9.0,3119521
7680012-1311-L-R,6.0,3096124
7680012-1311-M-R,6.0,3096123
7680012-1311-S-R,6.0,3095936
7680012-959-L-R,6.0,3096033
7680012-959-M-R,6.0,3096120
7680012-959-S-R,7.0,3096016
7680012-959-XL-R,6.0,3095959
7680015-837-S,15.0,3015253
7680015-837-XS,15.0,3015255
7710127-1129-2XL-R,32.0,2674810
7710127-1129-S-R,26.0,2674799
7710127-1232-2XL-R,28.0,2674801
7710127-1232-S-R,32.0,2674754
7710158-098-2XL-R,16.0,3205918
7710158-764-2XL-R,16.0,3205878
7710158-764-XL-R,15.0,3205892
7710164-186-L-R,32.0,2961578
7710164-186-M-R,32.0,2961632
7710164-186-S-R,28.0,2961569
7710164-186-XL-R,32.0,2961551
7710165-186-2XL-R,26.0,3033534
7710165-186-L-R,26.0,3033524
7710165-186-M-R,26.0,3033521
7710165-186-S-R,26.0,3033528
7710165-186-XL-R,26.0,3033536
7710210-344-L-R,30.0,3488915
7710210-344-M-R,30.0,3488921
7710210-344-XL-R,12.0,3488919
7740050-1263-30-30,18.0,3126080
7740050-1263-30-32,18.0,3125954
7740050-1263-32-30,18.0,3126115
7740050-1263-32-32,18.0,3125952
7740050-1263-32-34,18.0,3125825
7740050-1263-33-30,18.0,3125800
7740050-1263-33-34,18.0,3126187
7740050-1263-34-32,18.0,3126142
7740050-1263-34-34,18.0,3125881
7740050-1263-36-30,18.0,3126156
7740050-1263-36-32,18.0,3125957
7740050-1263-36-34,18.0,3126179
7740050-1263-38-30,18.0,3125813
7740050-1263-38-32,18.0,3125883
7740050-1263-38-34,18.0,3125793
7740050-1263-40-30,4.0,3126222
7740050-1263-40-32,18.0,3126151
7740050-1294-30-30,18.0,3125824
7740050-1294-30-32,18.0,3126105
7740050-1294-32-30,18.0,3126147
7740050-1294-32-32,18.0,3126102
7740050-1294-32-34,18.0,3126180
7740050-1294-33-30,18.0,3125727
7740050-1294-33-32,18.0,3125829
7740050-1294-33-34,18.0,3125814
7740050-1294-34-30,18.0,3125986
7740050-1294-34-32,18.0,3125759
7740050-1294-34-34,18.0,3125944
7740050-1294-36-30,18.0,3125818
7740050-1294-36-32,18.0,3125980
7740050-1294-36-34,18.0,3125887
7740050-1294-38-32,18.0,3125832
7740050-1294-38-34,18.0,3125950
7740050-1294-40-30,18.0,3125756
7740050-1294-40-32,18.0,3126082
7740051-055-32-30,18.0,3132209
7740051-055-34-30,18.0,3132206
7740051-055-36-30,18.0,3132211
7740051-186-34-30,18.0,3073261
7740057-080-34-30,11.0,3032630
7740111-019-32-30,10.0,3961063
7740111-019-32-32,25.0,3961062
7740111-019-34-32,4.0,3961056
7740111-019-34-34,7.0,3961053
7740111-019-34-36,15.0,3961050
7740111-019-36-30,5.0,3961048
7740111-019-36-32,8.0,3961046
7740111-019-36-34,11.0,3961044
7740111-019-36-36,16.0,3961042
7740111-092-30-30,7.0,3961040
7740111-092-32-30,6.0,3961036
7740111-092-32-32,13.0,3961035
7740111-092-34-32,6.0,3961030
7740111-186-30-32,14.0,3961027
7740111-186-32-30,11.0,3961024
7740111-186-32-32,4.0,3961023
7740111-186-34-32,9.0,3960978
7740111-186-36-30,14.0,3960974
7740111-186-36-36,6.0,3960972
7740111-186-40-32,3.0,3960971
7740111-724-30-30,16.0,3960968
7740111-724-30-32,16.0,3960965
7740111-724-30-34,8.0,3960962
7740111-724-32-30,17.0,3960960
7740111-724-32-32,10.0,3960958
7740111-724-32-34,1.0,3960956
7740111-724-34-30,16.0,3960954
7740111-724-34-32,31.0,3960952
7740111-724-34-34,16.0,3960946
7740111-724-34-36,9.0,3960944
7740111-724-36-30,9.0,3960941
7740111-724-36-32,16.0,3960939
7740111-724-36-34,1.0,3960935
7740111-724-36-36,9.0,3960932
7740111-724-38-32,17.0,3960927
7740111-724-38-34,16.0,3960923
7740111-724-40-32,7.0,3263132
7750004-019-2XL-R,30.0,3046193
7750006-019-2XL-R,12.0,3081902
7750006-019-XL-R,12.0,3081922
7750006-019-XS-R,12.0,3081901
7750006-186-2XL-R,12.0,3081937
7750006-186-XL-R,12.0,3081928
7750006-186-XS-R,12.0,3081916
7780033-019-2XL-R,9.0,3124265
7780033-019-XL-R,9.0,3124214
7780033-186-2XL-R,9.0,3124344
7780033-186-XL-R,9.0,3124341
7780033-622-2XL-R,9.0,3124306
7780033-622-L-R,9.0,3124120
7780033-622-XL-R,9.0,3124426
7780035-019-2XL-R,12.0,3010739
7780035-019-L-R,12.0,3010799
7780035-019-M-R,12.0,3010751
7780035-019-XL-R,12.0,3010756
7780035-724-2XL-R,12.0,3010845
7780035-724-M-R,12.0,3010902
7780035-724-XL-R,12.0,3010893
7780036-371-2XL-R,6.0,3046205
7780056-200-M-R,13.0,2723235
78026-693-XL,6.0,1860188
78026ABR-019-2XL,10.0,2756749
78026ABR-019-3XL,10.0,3014730
78026ABR-019-L,10.0,3014843
78026ABR-019-M,10.0,3014794
78026ABR-019-S,10.0,2756719
78026ABR-019-XL,10.0,2987047
78026ABR-019-XS,10.0,2869237
78026ABR-693-XL,10.0,2869215
78026ABR-724-2XL,10.0,3262027
78026ABR-724-3XL,10.0,2756712
78026ABR-724-L,10.0,2869721
78026ABR-724-M,10.0,3262049
78026ABR-724-S,11.0,3119998
78026ABR-724-XL,10.0,2869223
78026ABR-724-XS,10.0,2409840
78035ABR-019-L,15.0,3823739
78035ABR-019-M,15.0,3823728
78035ABR-019-S,15.0,3823329
78035ABR-186-2XL,15.0,3823501
78035ABR-186-L,15.0,3823326
78035ABR-186-M,15.0,3823374
78035ABR-186-S,15.0,3823490
78035ABR-186-XL,15.0,3823752
78045-701-M,6.0,1860226
78045-701-S,4.0,1943787
78045-701-XL,5.0,1944931
78046-584-L,5.0,1944930
78048-098-S,4.0,1943815
78049-019-L,20.0,3902583
78049-019-M,20.0,3902571
78049-724-L,20.0,3902589
78049-724-M,20.0,3902587
78062-206-L,12.0,3207437
78062-206-XL,12.0,3207428
7860023-055-1 SZ,600.0,2983231
7860023-186-1 SZ,600.0,2983233
7860023-724-1 SZ,600.0,2983234
7860023-750-1 SZ,600.0,2936127
7860024-019-1 SZ,600.0,3039445
7860024-724-1 SZ,600.0,3039446
7860024-750-1 SZ,600.0,3039449
7890013-545-1 SZ,24.0,3430005
80034-186-S,12.0,2628818
80037-019-2XL,15.0,2610308
80037-019-L,60.0,2610459
80037-019-M,60.0,2610400
80037-019-S,15.0,2610299
80037-019-XL,15.0,2610323
80037-186-2XL,15.0,2610547
80037-186-L,60.0,2610461
80037-186-M,60.0,2610469
80037-186-S,15.0,2397260
80037-186-XL,15.0,2397258
82133-721-M,80.0,2628430
82134-019-2XL,30.0,3759682
82134-019-M,30.0,3759754
82134-019-S,30.0,3759502
82134-019-XL,30.0,3759680
82135-1036-L,4.0,1943794
82135-1036-M,4.0,1943806
82135-1036-XL,6.0,1860160
82146-098-2XL-R,12.0,2581403
82146-098-S-R,24.0,2581479
82146-186-S-R,24.0,2581432
82147-422-XL,15.0,2512273
82411-019-S,30.0,4093097
82411-019-XL,30.0,4093045
82411-1081-S,23.0,2627782
82418-963-L,8.0,2752133
82418-963-S,4.0,1943788
82418-963-XL,5.0,1945109
82423-721-L,50.0,2666032
82423-721-XL,50.0,2666043
82424-098-L,16.0,2987141
82424-098-M,16.0,2986945
82424-098-XL,16.0,2986966
89063ABR-169-1 SZ,96.0,2846825
89063ABR-251-1 SZ,96.0,2944102
89076ABR-169-L/XL,96.0,2730609
89076ABR-251-L/XL,96.0,4220333
89076ABR-251-S/M,96.0,2846824
89098ABR-019-1 SZ,96.0,4289965
89098ABR-724-1 SZ,576.0,3176347
89132-194-L/XL,96.0,3232749
89166-724-L/XL,960.0,2652419
89166-724-S/M,780.0,2652417
89250-019-L/XL,96.0,3597446
89250-019-S/M,96.0,3597435
89250-120-L/XL,60.0,2828092
89250-120-S/M,60.0,2828124
89250-182-L/XL,60.0,3421048
89250-182-S/M,96.0,2387417
89250-724-L/XL,90.0,2916727
89250-724-S/M,90.0,2916717
89260ABR-019-1 SZ,96.0,3679889
89260ABR-190-1 SZ,96.0,2703539
89260ABR-724-1 SZ,96.0,2703548
89381ABR-162-1 SZ,768.0,2528394
89381ABR-190-1 SZ,96.0,2528377
89406-019-1 SZ,96.0,4315219
89422ABR-019-L/XL,96.0,4289319
89422ABR-019-S/M,96.0,4289967
89422ABR-162-L/XL,96.0,3646492
89422ABR-162-S/M,96.0,2846940
89422ABR-186-L/XL,96.0,3646435
89422ABR-724-L/XL,96.0,4289613
89430-724-L/XL,34.0,3073486
89430-724-S/M,34.0,3073445
89494-019-1 SZ,70.0,4031339
89496-019-1 SZ,34.0,2841211
89508-559-1 SZ,96.0,2627524
89508-963-1 SZ,6.0,1860156
89514-938-L/XL,96.0,2704009
89514-938-S/M,96.0,2703557
89515-938-1 SZ,768.0,2546911
89535-938-1 SZ,96.0,3232751
90153-019-1 SZ,30.0,3919988
90172-019-S/M,5.0,1945118
92199GM-999-1 SZ,900.0,727245
92323-460-1 SZ,3.0,2720310
92624-999-1 SZ,136.0,2589387
92645-999-1 SZ,493.0,2657584
97028-999-1 SZ,1.0,1606363
97141-999-1 SZ,4.0,2750622
97165-999-1 SZ,1.0,2716873
97166-999-1 SZ,1.0,2716658
97167-999-1 SZ,1.0,2716521
97168-019-1 SZ,468.0,2408249
97174-019-1 SZ,360.0,2054728
97177-186-1 SZ,200.0,3259015
98311-999-1 SZ,1570.0,4008447
98433-019-1 SZ,8.0,2727272
98433-029-1 SZ,20.0,3005616
98444-028-1 SZ,4.0,2724314
98453-019-1 SZ,10.0,3209151
98454-019-1 SZ,15.0,3555343
98456-019-1 SZ,21.0,556695
98556-019-1 SZ,1.0,4167742
985867,1.0,3193196
985868,1.0,2765389
985869,1.0,3928072
98710-999-1 SZ,1800.0,3890218
98718-999-1 SZ,3.0,1982771
98718A-999-1 SZ,1.0,2191197
98719-999-1 SZ,1.0,3495324
99901,1.0,3101493
99902,1.0,400305
99903,1.0,2626449
99904,1.0,3915176
99905,1.0,4200790
9999,1.0,558146
99999,17.0,1843378
ACFOBL1118,44.0,3361866
ACFOBL5050,25.0,3197706
ACFORO1118,40.0,3078446
ACFORO5050,25.0,3197644
ACINBR1118,40.0,3078382
ACINBR5050,17.0,3360729
ACINMR1118,42.0,3141658
ACINMR5050,30.0,3197631
ACSTBR1118,40.0,2967085
ACSTBR250350,1.0,2951677
ACSTBR5050,30.0,3360749
ACSTTE1118,40.0,3141362
ACSTTE5050,25.0,3197717
AVCHBW1118,40.0,3141523
AVCHBW5050,25.0,4313447
AVCHOL1118,48.0,3362029
AVCHOL180270,1.0,3449689
AVCHOL5050,25.0,4313451
AW21POA5SV01,5.0,3761954
B007198,244.0,4255623
B008291,11.0,296790102
B016795,58.0,4051603
B016921,28.0,4136175
B020878,89.0,3765902
B027136,30.0,4320374
B027552,76.0,3766390
B028472,205.0,3764263
B029565,201.0,3802099
B043595,60.0,3790489
B044876,492.0,4320349
B056019,100.0,4271128
B056965,20.0,3715343
B059030,89.0,3768122
B063488,95.0,4299148
B067028,193.0,4319574
B069078,187.0,3766436
B069080,150.0,3770166
B069100,296.0,3995739
B073155,24.0,4297653
B074307,1800.0,3823768
B074425,100.0,4168958
B075587,360.0,3757322
B075671,56.0,4011304
B076800,154.0,3751956
B077077,161.0,3766739
B077633,236.0,3786987
B078615,12.0,3770169
B083523,343.0,4296796
B083851,280.0,3786603
B085257,5.0,4284169
B085409,335.0,4274226
B085717,388.0,4283910
B085720,80.0,4296666
B085721,71.0,4267138
B085722,122.0,4296474
B086197,42.0,3766702
B086299,26.0,4295122
B087270,383.0,3786653
B087985,24.0,3722419
B089906,760.0,4180164
B090177,297.0,4319912
B090760,195.0,3768152
B091674,250.0,4285618
B091885,1830.0,4182973
B091901,41.0,3745224
B093154,6.0,3766911
B093365,24.0,3737227
B093583,74.0,4304516
B093584,265.0,3767157
B093585,164.0,4299177
B094314,32.0,3749268
B095100,138.0,4314306
B095702,62.0,4306688
B096095,239.0,4299113
B096688,300.0,4299365
B098369,60.0,4271469
B099354,660.0,4304518
B099355,657.0,4320384
B099356,456.0,3728598
B099358,624.0,4297367
B099359,619.0,4297099
B099362,673.0,3742456
B099363,684.0,3758134
B099364,444.0,3733349
B099366,240.0,3758648
B099367,264.0,3728523
B099368,636.0,4300349
B099369,651.0,4320343
B099370,432.0,4320341
B099549,12.0,3745991
B099866,48.0,4155988
B100075,156.0,3822806
B100078,468.0,3708844
B102705,30.0,4317165
B102707,48.0,4270198
B102709,136.0,4270158
BLAEKOC150250,6.0,2405918
BLAEKRE150250,6.0,2405989
BLWLRBE140220,8.0,939952
BLWLRYE140220,8.0,939961
BRJUBR1118,40.0,3387032
BRJUBR300400,1.0,3187573
BRJUBR5050,12.0,4313437
BRJUBU1118,40.0,3387019
BRJUBU5050,13.0,3946009
BRJUGR1118,40.0,3385292
CAT00167-999-1 SZ,32.0,2717222
CAT00168-999-1 SZ,3000.0,2735905
CAT00169-999-1 SZ,6340.0,2707857
CIRCULAR1118,64.0,3771930
CIRCULAR5050,36.0,4112672
CIRCULARLOM5050,25.0,4317449
DELTABW1118,108.0,3773910
DELTABW5050,10.0,3946720
EBLOOL1118,31.0,4011555
EBLOOL5050,17.0,4203244
EBLOTE1118,36.0,4011595
EBLOTE5050,17.0,4203211
EKAS1118,50.0,4121102
EKAS5050,25.0,4317511
EKBR1118,50.0,3183094
EKBR5050,1.0,3389883
EKFG1118,50.0,4121105
EKJBR1118,48.0,3079999
EKJBR5050,25.0,4111694
EKJG1118,40.0,3078427
EKJG5050,30.0,4011163
EKJLB1118,40.0,3078434
EKJLB5050,25.0,4203221
EKJLB75200,1.0,3185750
EKJP1118,52.0,3080007
EKJP5050,30.0,4011131
EKJY1118,56.0,3078561
EKJY5050,30.0,4112773
EKOF1118,50.0,3183114
EKOF200300,1.0,2865507
EKSHAL5050,25.0,4313425
EKSHAR5050,30.0,4295540
EKSHCB5050,25.0,4313441
EKSHCH5050,25.0,4295362
EKSHPG1118,64.0,3946503
EKSHPG5050,25.0,4317514
EMEACNVBNR1-999-1 SZ,9.0,2936181
EMEACNVBNR3-999-1 SZ,14.0,3783799
FCROSFPG3SEAT,1.0,566737
FCROSFPGM3,1.0,2367973
FCSLFLABL0510,85.0,4264174
FLROSBW3SEAT,1.0,566734
FLSLCL0510,136.0,3771539
FSBULWC240,1.0,2481523
FSSLOW0510,112.0,4264164
FVBULBW240,1.0,569289
FVLOTSOBW240,1.0,3273085
FVSLHY0510,170.0,3772187
FVSLOC0510,181.0,3772524
FWSLAS0510,108.0,3772546
FWSLBE0510,70.0,4264156
FWSLBS0510,102.0,3772460
FWSLRS0510,105.0,3771434
FWTHOASH120,1.0,511853
G75121-050-XL,1.0,3466601
G75428-030-L,1.0,2929662
G77092-080-L,1.0,2895606
G77163-020-28-32,1.0,3919952
G77165-020-30,40.0,3921684
G77165-020-31,40.0,3921926
G77165-020-32,40.0,3921839
G77165-020-33,40.0,3921196
G77165-020-34,40.0,3921935
G77165-020-36,40.0,3921925
G77165-060-30,40.0,3921828
G77165-060-31,40.0,3921706
G77165-060-32,40.0,3921708
G77165-060-33,40.0,3921932
G77165-060-34,40.0,3921192
G77165-060-36,40.0,3921177
G77165-060-38,13.0,3921788
G77165-200-32,40.0,3921190
G77165-200-34,40.0,3921938
G77165-210-31,40.0,3921792
G77165-210-32,40.0,3921722
G77165-210-33,40.0,3921178
G77165-210-34,40.0,3921928
G77165-220-30,40.0,3921725
G77165-220-32,40.0,3921793
G77165-220-34,40.0,3921760
G77165-220-38,18.0,3921781
G77175-020-31-32,30.0,4147328
G77175-020-32-32,30.0,4147414
G77175-020-32-34,30.0,4147391
G77175-020-33-32,30.0,4147407
G77175-020-33-34,30.0,4147408
G77175-020-34-32,30.0,4147409
G77175-020-34-34,30.0,4147352
G77175-020-36-32,30.0,4147388
G77175-020-36-34,24.0,4147314
G77175-060-31-32,30.0,3723848
G77175-060-32-30,1.0,3209611
G77175-060-32-32,30.0,3714470
G77175-060-32-34,30.0,3723893
G77175-060-33-32,30.0,3724374
G77175-060-33-34,30.0,3723868
G77175-060-34-32,30.0,3714461
G77175-060-34-34,30.0,3723210
G77175-060-36-32,30.0,3724404
G77175-060-36-34,30.0,3723854
G77175-090-31-34,30.0,2820824
G77175-090-32-32,1.0,3631413
G77175-090-32-34,30.0,2820876
G77175-090-33-32,1.0,3575472
G77175-180-32-34,30.0,3723801
G77175-180-33-34,30.0,3723735
G77175-180-34-32,30.0,3724358
G77175-180-34-34,30.0,3723737
G77175-180-36-32,30.0,3723883
G77175-180-36-34,30.0,3723791
G77175-200-31-32,30.0,3953465
G77175-200-32-32,30.0,3953515
G77175-200-32-34,30.0,3953519
G77175-200-33-32,29.0,3953490
G77175-200-33-34,30.0,3953524
G77175-200-34-32,30.0,3953326
G77175-200-34-34,30.0,3953532
G77175-200-36-32,30.0,3953529
G77175-200-36-34,30.0,3953525
G77175-210-31-32,30.0,3724288
G77175-210-32-32,30.0,3723896
G77175-210-32-34,30.0,3723213
G77175-210-33-32,30.0,3724251
G77175-210-33-34,30.0,3723753
G77175-210-34-32,30.0,3723660
G77175-210-34-34,30.0,3723780
G77175-210-36-32,30.0,3724268
G77175-220-32-32,30.0,3723894
G77175-220-32-34,30.0,3723197
G77175-220-33-34,30.0,3723648
G77175-220-34-32,30.0,3724361
G77175-220-34-34,30.0,3723629
G77175-220-36-32,30.0,3724366
G77200-020-M,1.0,3375734
G77244-090-L,1.0,3062881
G77269-010-XS,1.0,3827542
G77292-140-130,1.0,3681489
G77360-010-OSFA,72.0,3986556
G77360-020-OSFA,72.0,3986757
G77392-110-OSFA,72.0,2860742
G77392-130-OSFA,72.0,2863901
G77392-170-OSFA,72.0,3986540
G77548-010-M,21.0,2815372
G77697-450-150,1.0,2955713
G77781-060-OSFA,102.0,3052500
G77781-080-OSFA,102.0,3052546
G77781-290-OSFA,102.0,3052122
G77781-370-OSFA,102.0,3052605
G77781-390-OSFA,102.0,3052625
G77784-040-S/M,130.0,3044940
G77784-070-S/M,150.0,3673190
G77784-220-S/M,121.0,3045143
G77785-040-L/XL,240.0,3673145
G77785-220-S/M,1.0,3656100
G77786-020-OSFA,72.0,2851942
G77786-030-OSFA,72.0,3986857
G77786-130-OSFA,72.0,2850799
G77786-160-OSFA,72.0,3986667
G77786-170-OSFA,72.0,3986609
G77786-180-OSFA,72.0,3986863
G77786-190-OSFA,72.0,3986951
G77786-200-OSFA,72.0,3986568
G77787-030-OSFA,90.0,3613723
G77787-040-OSFA,90.0,3613778
G77787-110-OSFA,90.0,3613663
G77787-180-OSFA,1.0,3167989
G77787-270-OSFA,1.0,3567397
G77787-290-OSFA,1.0,4006077
G77787-310-OSFA,90.0,3613740
G77789-030-OSFA,1.0,3823950
G77790-050-OSFA,60.0,3159567
G77790-160-OSFA,60.0,3159553
G77790-180-OSFA,1.0,2752633
G77790-210-OSFA,60.0,3159356
G77790-220-OSFA,60.0,3159440
G77790-230-OSFA,60.0,3159332
G77815-010-2XL,1.0,2842694
G77849-220-L,1.0,3403483
G77850-030-S,1.0,3826672
G77857-020-XL,1.0,3826613
G77859-010-S,1.0,3020425
G77859-010-XL,1.0,3827670
G77865-010-M,1.0,3827214
G77865-040-M,1.0,3008966
G77868-010-M,2.0,3008735
G77868-040-L,1.0,3388197
G77868-130-L,1.0,3009438
G77892-090-140,1.0,3091884
G77934-020-NS,1.0,4166929
G77938-040-NS,20.0,2857172
G77938-200-NS,1.0,2785774
G77942-040-NS,60.0,2857610
G77950-090-M,1.0,4280994
G77952-010-L,5.0,2825216
G77952-010-M,1.0,3008907
G77952-010-S,1.0,3009076
G77952-010-XL,6.0,2827978
G77952-030-L,6.0,2827308
G77952-030-XL,6.0,2828009
G77962-010-S,6.0,2859666
G77962-010-XL,6.0,2857574
G77962-020-L,6.0,2864197
G77962-020-M,6.0,2863648
G77962-020-S,6.0,2864198
G77962-020-XL,6.0,2864167
G77962-090-XL,1.0,3076653
G77966-010-L,1.0,2889446
G77970-060-OSFA,72.0,3685365
G77970-270-OSFA,72.0,3685108
G77970-300-OSFA,72.0,2852580
G77970-340-OSFA,1.0,3456152
G77970-360-OSFA,72.0,2968585
G77970-380-OSFA,72.0,3685016
G77970-390-OSFA,72.0,3684748
G78012-040-S,10.0,2864507
G78012-040-XS,10.0,2876444
G78012-120-XL,1.0,3036754
G78013-030-S,1.0,2975061
G78013-050-XS,1.0,3001200
G78023-070-170,1.0,3141292
G78024-030-L,1.0,2975049
G78024-030-M,1.0,2989328
G78024-030-S,1.0,2977224
G78037-120-S,1.0,3902138
G78051-190-XL,1.0,3919945
G78051-200-L,1.0,3009547
G78054-100-2XL,1.0,2842828
G78054-140-XL,1.0,2977246
G78054-150-L,15.0,2838831
G78054-150-M,15.0,2865681
G78058-180-L,1.0,2960116
G78060-020-L,1.0,3866025
G78060-020-M,1.0,2916901
G78060-020-S,1.0,3747068
G78060-020-XS,1.0,2979468
G78060-030-S,1.0,2782029
G78102-010-NS,1.0,3777411
G78130-080-XL,1.0,4278183
G78130-100-S,1.0,3426209
G78131-180-XS,1.0,4125427
G78238-010T-M,3.0,3166829
G78250-020-M,1.0,2895323
G78252-030-S,1.0,3020232
G78315-100-OSFA,1.0,3185439
G78316-080-OSFA,72.0,3092460
G78316-100-OSFA,1.0,3469031
G78316-120-OSFA,1.0,4058448
G78327-030-OSFA,72.0,3685443
G78327-090-OSFA,72.0,3685272
G78327-190-OSFA,72.0,3685357
G78327-280-OSFA,72.0,3684968
G78363-160-OSFA,72.0,3986689
G78363-200-OSFA,72.0,3986751
G78363-210-OSFA,72.0,3986696
G78397-010-37/39,200.0,3649072
G78397-010-39/42,200.0,3648775
G78397-010-42/45,180.0,2824841
G78397-030-37/39,200.0,3648824
G78397-030-39/42,200.0,3648841
G78397-030-42/45,200.0,3649080
G78397-080-35/37,180.0,2824832
G78397-080-39/42,11.0,2819851
G78426-150-170,53.0,3021657
G78526-060-M,1.0,3827506
G78527-060-L,2.0,3826871
G78527-060-M,1.0,3017874
G78527-060-S,1.0,3009458
G78527-070-L,1.0,2741587
G78572-020-2XL,20.0,2991933
G78572-020-XL,20.0,2991797
G78615-090-160,28.0,2807762
G78615-090-170,28.0,2828460
G78679-020-M,1.0,3090325
G78690-020-L,1.0,2996063
G78696-050-S,1.0,3866018
G78734-140-XL,1.0,2930570
G78740-020-L,1.0,4209482
G78751-020-M,1.0,2991358
G78828-010-10,1.0,2886368
G78828-010-8,120.0,3672923
G78828-010-9,120.0,3672917
G78875-100-35/37,3.0,3280255
G78875-100-42/45,2.0,3280259
G78875-110-37/39,4.0,3279602
G78875-120-35/37,1.0,3280261
G78875-120-37/39,1.0,3280263
G78875-120-39/42,2.0,3279627
G78875-130-37/39,2.0,3280249
G78875-130-39/42,2.0,3279635
G78875-160-35/37,80.0,3649394
G78875-160-37/39,80.0,3649251
G78875-160-39/42,80.0,3649383
G78875-160-42/45,80.0,3649266
G78875-170-35/37,80.0,3649282
G78875-170-37/39,80.0,3649275
G78875-170-39/42,80.0,3649371
G78875-170-42/45,80.0,3649357
G78885-010-M,1.0,3827575
G78887-030-M,1.0,3020337
G78899-010-XL,1.0,2829201
G78899-100-L,1.0,3906837
G78983-030-L,1.0,3727765
G78984-020-L,6.0,3146200
G78984-050-L,3.0,4244690
G78984-070-S,6.0,2863330
G78995-030-M,1.0,2860694
G78995-030-S,1.0,2972769
G79002-030-L,1.0,4280843
G79031-020-L,7.0,2864703
G79031-020-XL,7.0,2864799
G79031-120-M,1.0,2826193
G79031-140-S,7.0,2864373
G79035-020-M,1.0,2867015
G79044-030-L,1.0,3530405
G79064-030-L,10.0,2864742
G79064-030-M,10.0,2865708
G79064-030-XL,10.0,2865721
G79065-020-L,1.0,2908271
G79066-010-L,10.0,2864508
G79066-010-M,10.0,2864510
G79066-010-S,10.0,2864521
G79068-100-S,1.0,2879499
G79118-070-L,1.0,3008954
G79120-010-L,1.0,2873556
G79120-010-M,1.0,2759260
G79140-040-37/39,108.0,3247068
G79140-050-35/37,108.0,3247063
G79140-050-37/39,108.0,3246738
G79140-050-39/42,108.0,3246914
G79140-050-42/45,108.0,3246959
G79144-070-L,1.0,4108752
G79145-060-M,1.0,2789822
G79145-060-S,15.0,2863027
G79145-070-M,1.0,2939949
G79146-080-XL,1.0,4131374
G79147-060-S,10.0,2863717
G79147-070-L,10.0,2864774
G79147-070-M,10.0,2863764
G79147-070-S,10.0,2863760
G79147-080-M,1.0,3034950
G79154-010-130,16.0,2864571
G79154-010-140,16.0,2864102
G79154-010-160,1.0,3573271
G79155-020-XL,3.0,4244703
G79156-020-L,12.0,2864675
G79189-010-35/37,1.0,3681453
G79189-010-37/39,110.0,3648956
G79189-010-39/42,110.0,3648962
G79189-010-42/45,110.0,3648942
G79189-020-37/39,110.0,3648854
G79189-020-39/42,110.0,3648929
G79189-020-42/45,110.0,3648923
G79189-040-35/37,1.0,3099203
G79189-060-37/39,110.0,3648933
G79189-060-39/42,80.0,3648918
G79189-060-42/45,110.0,3648847
G79190-010-35/37,1.0,3681466
G79190-010-37/39,75.0,3649302
G79190-010-39/42,75.0,3649347
G79190-010-42/45,75.0,3649291
G79190-020-35/37,75.0,2977592
G79190-020-37/39,75.0,3649067
G79190-020-39/42,75.0,3648871
G79190-020-42/45,75.0,3649053
G79190-060-37/39,75.0,3649069
G79190-060-39/42,75.0,3648861
G79191-020-M,1.0,2835020
G79191-020-S,37.0,2864687
G79191-020-XS,34.0,2864653
G79191-040-L,35.0,2865672
G79191-040-M,36.0,2876362
G79196-020-L,18.0,3050736
G79196-020-M,19.0,3050359
G79196-060-XL,1.0,3723076
G79207-020-L,20.0,2991738
G79207-020-M,20.0,2991948
G79207-020-S,20.0,3564676
G79207-020-XS,20.0,2991546
G79241-050-39/42,1.0,3280260
G79241-050-42/45,1.0,3280251
G79241-060-37/39,42.0,2813480
G79241-060-39/42,39.0,2813582
G79241-060-42/45,2.0,3280248
G79269-080-M,10.0,2857807
G79357-030-S,1.0,3258414
G79358-010-L,35.0,2821437
G79358-010-M,35.0,2820536
G79358-010-XL,30.0,2825001
G79358-020-2XL,30.0,2947061
G79358-020-L,35.0,2825010
G79358-020-M,35.0,2947175
G79358-020-S,35.0,2808953
G79358-020-XL,30.0,2809006
G79358-060-L,35.0,2821055
G79358-060-M,1.0,3138630
G79358-060-XL,30.0,2876388
G79358-070-L,32.0,2808113
G79358-080-L,35.0,2947025
G79358-080-M,35.0,2947196
G79358-080-XL,30.0,2947008
G79359-020-M,45.0,2820570
G79359-040-L,40.0,2947094
G79359-040-M,45.0,2947079
G79359-040-S,45.0,2947147
G79359-040-XL,40.0,2947382
G79359-040-XS,45.0,2808280
G79359-070-L,1.0,3414244
G79359-070-S,1.0,3013599
G79360-030-2XL,45.0,2808552
G79360-030-L,50.0,2808072
G79360-030-M,55.0,2808062
G79360-030-XL,50.0,2808092
G79361-010-L,26.0,2864666
G79361-010-S,26.0,2851751
G79361-030-L,26.0,2851763
G79362-010-L,1.0,3128921
G79362-010-S,32.0,2863249
G79362-030-S,32.0,2844894
G79365-010-L,70.0,2808557
G79365-010-M,75.0,2808561
G79365-010-S,75.0,2808070
G79365-020-L,70.0,2808559
G79365-020-S,75.0,2808560
G79366-020-L,60.0,2907311
G79366-020-M,65.0,2907175
G79366-020-S,55.0,2906902
G79366-060-S,1.0,3414253
G79367-010-L,23.0,2814889
G79367-020-M,45.0,2827149
G79369-010-L,19.0,2875775
G79369-040-L,21.0,2811340
G79380-010-35/37,50.0,2977401
G79380-010-37/39,50.0,2977408
G79380-020-35/37,50.0,2876073
G79380-020-37/39,50.0,2977692
G79380-020-39/42,50.0,2977422
G79382-020-L,35.0,2824559
G79382-020-M,35.0,2989619
G79382-040-L,1.0,3117384
G79382-070-L,35.0,2873810
G79382-070-M,35.0,2874227
G79382-070-XL,35.0,2873189
G79382-110-S,1.0,4260528
G79384-020-L,35.0,2989737
G79384-020-M,35.0,2989978
G79384-070-M,35.0,2820171
G79384-070-S,35.0,2873105
G79384-110-XS,1.0,4260525
G79386-050-OSFA,48.0,2840676
G79387-020-OSFA,36.0,3986786
G79389-070-NS,196.0,3022413
G79389-080-NS,200.0,3022401
G79389-090-NS,200.0,3684788
G79389-100-NS,200.0,3684784
G79418-030-L,1.0,2886439
G79420-020-L,1.0,3039633
G79442-050-170,1.0,3009841
G79444-020-L,1.0,3827656
G79445-080-XS,1.0,3009443
G79446-020-L,1.0,3009060
G79447-030-L,1.0,3826841
G79448-010-L,1.0,3020446
G79448-010-S,1.0,2789588
G79464-040-S,1.0,3185301
G79467-020-2XL,17.0,2816582
G79467-020-L,50.0,2825155
G79467-020-M,50.0,2947106
G79467-020-XL,45.0,2947384
G79467-080-L,50.0,2947099
G79467-080-XL,45.0,2947142
G79477-010-L,29.0,2824796
G79477-020-L,55.0,2827151
G79477-020-M,60.0,2827154
G79477-020-S,60.0,2827207
G79486-010-2XL,25.0,3735106
G79486-010-L,30.0,3733718
G79486-010-M,30.0,3735282
G79486-010-S,30.0,3736323
G79486-010-XL,25.0,3735281
G79486-040-L,1.0,3135372
G79486-050-2XL,25.0,3735791
G79486-050-L,30.0,3886820
G79486-050-M,30.0,3885508
G79486-050-S,30.0,3883564
G79486-050-XL,25.0,3887947
G79486-140-2XL,25.0,3886661
G79486-140-L,30.0,3887192
G79486-140-M,30.0,3887745
G79486-140-S,30.0,3887661
G79486-140-XL,25.0,3885832
G79486-170-2XL,25.0,3734946
G79486-170-L,30.0,3884284
G79486-170-M,30.0,3883827
G79486-170-S,30.0,3883567
G79486-170-XL,25.0,3886790
G79486-180-2XL,25.0,3887941
G79486-180-L,30.0,3735961
G79486-180-M,30.0,3885401
G79486-180-S,29.0,3887531
G79486-180-XL,25.0,3884558
G79486-190-L,30.0,3886669
G79486-190-M,30.0,3887679
G79486-190-XL,25.0,3885825
G79487-040-L,30.0,2875801
G79487-040-M,30.0,2824586
G79487-040-XL,25.0,2824613
G79487-120-L,1.0,2781397
G79490-010-M,40.0,2824544
G79490-050-L,35.0,2824721
G79490-050-M,40.0,2824591
G79490-220-2XL,30.0,3735239
G79490-220-L,35.0,3954038
G79490-220-M,35.0,3954123
G79490-220-S,35.0,3953999
G79490-220-XL,30.0,3954236
G79490-230-M,1.0,3134609
G79490-250-2XL,30.0,3886252
G79490-250-L,35.0,3884578
G79490-250-M,35.0,3887230
G79490-250-XL,30.0,3887898
G79490-260-2XL,30.0,3886219
G79490-260-L,35.0,3887890
G79490-260-M,35.0,3886600
G79490-260-XL,30.0,3887905
G79490-280-2XL,30.0,3954106
G79490-280-L,35.0,3954155
G79490-280-M,35.0,3954078
G79490-280-S,35.0,3954102
G79490-280-XL,30.0,3954245
G79490-290-2XL,30.0,3885336
G79490-290-L,35.0,3953993
G79490-290-M,35.0,3954222
G79490-290-S,35.0,3954256
G79490-290-XL,30.0,3954003
G79490-300-2XL,30.0,3886770
G79490-300-L,35.0,3885339
G79490-300-M,35.0,3885327
G79490-300-S,29.0,3886580
G79490-300-XL,30.0,3887245
G79490-310-2XL,30.0,3886607
G79490-310-L,35.0,3954119
G79490-310-M,35.0,3887919
G79490-310-XL,30.0,3954116
G79491-010-M,1.0,3414243
G79491-020-XL,1.0,3606721
G79492-010-L,35.0,3887254
G79492-010-M,40.0,3883557
G79492-010-S,40.0,3885458
G79492-010-XL,35.0,3887256
G79492-010-XS,40.0,3886233
G79492-020-L,35.0,3887260
G79492-020-M,40.0,3887263
G79492-020-S,40.0,3886232
G79492-020-XL,35.0,3887257
G79492-030-S,35.0,2826753
G79492-060-M,40.0,3735296
G79492-060-S,40.0,3735293
G79492-060-XS,40.0,2808308
G79492-110-L,35.0,3735300
G79492-110-M,40.0,3735069
G79492-110-S,40.0,3735063
G79492-110-XL,35.0,3735305
G79492-110-XS,40.0,3735302
G79492-120-L,35.0,3733256
G79492-120-M,40.0,3733004
G79492-120-S,40.0,3733737
G79492-120-XL,35.0,3736317
G79492-130-L,35.0,3733748
G79492-130-M,40.0,3735077
G79492-130-S,40.0,3736321
G79492-130-XL,35.0,3732991
G79492-130-XS,40.0,3735078
G79493-010-L,1.0,3463519
G79493-010-S,40.0,3941351
G79493-010-XS,28.0,3941252
G79493-040-M,40.0,3940777
G79493-040-S,40.0,3941174
G79493-150-M,40.0,3940796
G79506-020-2XL,30.0,3988212
G79506-020-L,2.0,4005150
G79506-020-M,35.0,3988033
G79506-020-XL,1.0,4005154
G79506-030-2XL,30.0,3988469
G79506-030-L,30.0,3988363
G79506-030-M,35.0,3988269
G79506-030-S,35.0,3988236
G79506-030-XL,30.0,3988415
G79506-040-2XL,30.0,3988853
G79506-040-L,30.0,3988744
G79506-040-M,35.0,3988690
G79506-040-XL,30.0,3988812
G79506-050-2XL,30.0,3987858
G79506-050-L,30.0,3987688
G79506-050-M,35.0,3987788
G79506-050-S,35.0,3987821
G79506-050-XL,30.0,3987754
G79506-070-L,30.0,3988541
G79506-070-M,35.0,3988513
G79506-070-S,35.0,3988498
G79506-070-XL,30.0,3988593
G79511-010-S,16.0,2809337
G79511-010-XS,16.0,2808373
G79540-020-L,60.0,3735840
G79540-020-M,64.0,3735176
G79540-020-S,65.0,3735910
G79540-020-XL,60.0,3735562
G79540-020-XS,65.0,3736278
G79540-040-S,60.0,2827420
G79540-080-M,1.0,3280266
G79540-090-L,52.0,3736184
G79540-090-M,65.0,3736180
G79540-090-S,65.0,3736265
G79540-110-S,65.0,3736192
G79541-020-XL,1.0,3518130
G79541-030-M,50.0,2855843
G79541-030-S,50.0,2855548
G79545-040-L,50.0,4132910
G79545-040-M,50.0,4132576
G79545-040-S,50.0,4132996
G79545-040-XL,45.0,4133440
G79545-110-L,50.0,3735520
G79545-110-M,50.0,3735502
G79545-130-L,50.0,4262827
G79545-130-XL,45.0,4262806
G79546-020-2XL,1.0,3582178
G79546-040-2XL,1.0,2903246
G79546-050-2XL,1.0,3414249
G79546-050-S,1.0,3036193
G79546-050-XL,1.0,3428591
G79551-010-L,1.0,4035782
G79551-010-M,1.0,4083290
G79551-070-2XL,1.0,2817915
G79552-040-M,1.0,3009898
G79554-100-L,18.0,2875975
G79554-100-M,18.0,2852979
G79555-050-L,1.0,2886595
G79555-070-S,1.0,3013974
G79555-090-M,18.0,2857901
G79559-090-M,20.0,2852972
G79559-100-M,21.0,2852970
G79559-100-S,20.0,2852392
G79560-010-M,1.0,3826858
G79560-020-S,1.0,3009530
G79560-020-XL,1.0,3008820
G79560-030-M,1.0,3827620
G79560-030-S,1.0,3827322
G79560-030-XL,1.0,3827444
G79560-040-L,1.0,3009879
G79560-050-L,1.0,3009913
G79567-010-M,80.0,2876318
G79567-040-L,70.0,2824898
G79568-050-L,28.0,3468877
G79569-010-2XL,12.0,3446958
G79569-010-L,14.0,3447146
G79569-010-M,16.0,2927176
G79569-010-S,18.0,3447239
G79569-010-XL,14.0,3446957
G79569-020-2XL,14.0,4313841
G79569-020-L,14.0,4313331
G79569-020-M,17.0,4313557
G79569-020-S,16.0,4313850
G79569-020-XL,14.0,4313332
G79569-060-2XL,12.0,4313232
G79569-060-L,14.0,3447205
G79569-060-M,16.0,3447119
G79569-060-S,16.0,4313474
G79569-060-XL,14.0,4313348
G79569-070-L,1.0,3826463
G79569-070-S,2.0,3827010
G79569-200-2XL,14.0,4313556
G79569-200-L,14.0,4313845
G79569-200-M,16.0,4313972
G79569-200-S,17.0,4314094
G79569-200-XL,14.0,4313840
G79570-030-XL,2.0,3011235
G79570-150-XL,1.0,3177738
G79571-010-M,49.0,2820591
G79571-020-L,47.0,2876497
G79571-020-M,80.0,2877034
G79571-040-L,85.0,2876932
G79571-040-M,80.0,2876942
G79571-040-S,80.0,2876672
G79571-050-L,80.0,2815595
G79571-050-M,74.0,2815794
G79571-050-S,75.0,2877536
G79572-010-M,36.0,2812606
G79572-010-S,36.0,2812495
G79572-030-L,34.0,2808466
G79572-030-M,36.0,2876298
G79572-030-S,36.0,2813044
G79572-040-M,37.0,3470499
G79572-040-S,37.0,3469634
G79574-010-L,16.0,2813289
G79574-010-M,16.0,2926729
G79574-010-S,19.0,2926740
G79574-010-XL,14.0,2926781
G79574-010-XS,13.0,2926200
G79574-030-L,1.0,2962224
G79574-030-S,1.0,3827415
G79574-030-XS,1.0,3009463
G79574-040-L,16.0,2926572
G79574-040-M,16.0,2926470
G79574-040-S,18.0,2926723
G79574-040-XL,14.0,2926577
G79574-040-XS,18.0,2926596
G79574-150-L,16.0,4206425
G79574-150-M,16.0,4206496
G79574-150-S,18.0,4206456
G79574-150-XS,18.0,4206245
G79574-180-M,16.0,2926778
G79574-180-S,1.0,3906670
G79574-190-M,13.0,2927106
G79574-200-L,1.0,3728480
G79574-200-S,18.0,2927198
G79574-200-XS,18.0,2927216
G79574-240-M,19.0,3471103
G79574-250-L,16.0,4206561
G79574-250-M,16.0,4206565
G79574-250-S,18.0,4206450
G79574-250-XL,14.0,4206482
G79574-250-XS,23.0,4206541
G79574-260-L,16.0,4206444
G79574-260-M,16.0,4206334
G79574-260-S,18.0,4206248
G79574-260-XS,19.0,4206220
G79575-010-L,23.0,2819872
G79575-010-M,25.0,2870766
G79575-010-S,25.0,2819741
G79575-010-XL,23.0,2871711
G79575-010-XS,10.0,2824949
G79575-020-L,23.0,2870703
G79575-020-M,25.0,2870693
G79575-020-S,27.0,2872812
G79575-030-L,1.0,2963505
G79575-030-S,1.0,3020457
G79575-040-L,23.0,2872782
G79575-040-M,25.0,2872817
G79575-040-S,26.0,3471334
G79575-040-XL,22.0,3471564
G79575-040-XS,25.0,3471341
G79575-050-M,24.0,2870774
G79575-050-S,25.0,2870780
G79576-010-L,22.0,2876249
G79576-010-M,1.0,4281137
G79576-010-S,25.0,2815389
G79576-010-XL,16.0,2815660
G79576-040-L,24.0,2986031
G79576-040-M,24.0,2986244
G79576-040-S,26.0,2985844
G79576-050-M,1.0,3856138
G79576-070-M,1.0,3894826
G79576-070-S,1.0,4142299
G79576-090-S,1.0,3728029
G79577-010-L,16.0,4252340
G79577-010-M,16.0,2824959
G79577-010-S,18.0,2820524
G79577-010-XL,15.0,4252389
G79577-010-XS,18.0,2824939
G79577-040-L,16.0,3578624
G79577-040-M,16.0,4252280
G79577-040-S,18.0,2975206
G79577-040-XL,14.0,4250798
G79577-040-XS,18.0,2975190
G79577-120-XS,1.0,3827342
G79577-190-L,1.0,3727650
G79577-230-S,18.0,3578541
G79577-240-M,16.0,3578012
G79577-240-S,18.0,3578009
G79577-250-L,16.0,3578632
G79577-250-M,16.0,3578523
G79577-250-S,18.0,3578629
G79577-260-L,16.0,3578256
G79577-260-S,18.0,3578253
G79577-270-L,16.0,4204515
G79577-270-M,16.0,4205040
G79577-270-S,18.0,4251184
G79577-270-XL,14.0,4251710
G79577-270-XS,18.0,4204999
G79577-280-L,16.0,4205023
G79577-280-M,16.0,4251210
G79577-280-S,18.0,4251455
G79577-280-XL,14.0,4204852
G79577-280-XS,20.0,4204744
G79577-290-L,16.0,4205992
G79577-290-M,16.0,4205558
G79577-290-S,18.0,4205567
G79577-290-XL,14.0,4252490
G79577-290-XS,18.0,4205773
G79578-010-M,22.0,2815003
G79578-010-S,25.0,2815220
G79578-010-XS,25.0,2824960
G79578-040-M,23.0,2814860
G79578-040-S,25.0,2814683
G79578-040-XS,25.0,2820880
G79578-050-M,1.0,3827643
G79578-050-S,25.0,2815272
G79578-050-XS,26.0,2815062
G79586-010-M,78.0,2808233
G79586-010-S,76.0,2810671
G79586-040-M,80.0,2876261
G79586-040-S,90.0,2824891
G79586-040-XS,81.0,2824900
G79587-020-L,1.0,3337534
G79587-020-S,18.0,2812933
G79587-040-L,16.0,2812976
G79587-040-M,16.0,2809133
G79587-040-S,18.0,2824948
G79587-040-XL,14.0,2808016
G79587-040-XS,18.0,2808229
G79587-050-XL,14.0,2872981
G79587-050-XS,1.0,3262142
G79589-010-2XL,14.0,3468632
G79589-010-L,14.0,3471198
G79589-010-M,16.0,3471012
G79589-010-S,16.0,3471196
G79589-010-XL,14.0,3471403
G79589-020-2XL,14.0,3471824
G79589-020-L,14.0,2871118
G79589-020-M,16.0,3468887
G79589-020-S,16.0,2870147
G79589-020-XL,14.0,3470541
G79589-030-L,14.0,2869944
G79589-050-2XL,14.0,3468805
G79589-050-L,16.0,2871535
G79589-050-M,16.0,2870018
G79589-050-S,16.0,2870569
G79589-050-XL,14.0,3468575
G79589-120-S,1.0,2930135
G79589-150-L,14.0,2809245
G79589-180-M,17.0,2869562
G79589-180-XL,1.0,3639647
G79589-220-L,14.0,3471397
G79589-220-M,16.0,3470677
G79590-010-L,24.0,3447169
G79590-010-M,25.0,3446202
G79590-010-S,27.0,3447173
G79590-050-2XL,23.0,4251572
G79590-050-L,24.0,3445493
G79590-050-M,25.0,4251358
G79590-050-S,25.0,4251735
G79590-050-XL,24.0,4251162
G79590-060-M,1.0,4298473
G79590-170-L,1.0,4167057
G79590-170-M,1.0,3827601
G79590-180-L,1.0,3902109
G79590-210-2XL,23.0,4250353
G79590-210-L,24.0,4250558
G79590-210-M,25.0,4251349
G79590-210-S,25.0,4250572
G79590-210-XL,24.0,4251904
G79590-220-L,24.0,4252318
G79590-220-M,25.0,4252393
G79590-220-S,22.0,4252326
G79590-220-XL,17.0,4252179
G79590-230-2XL,24.0,4251582
G79590-230-L,25.0,4251890
G79590-230-M,25.0,4251740
G79590-230-S,26.0,4252177
G79590-230-XL,24.0,4252285
G79591-040-2XL,20.0,2986350
G79591-040-L,22.0,2986090
G79591-040-M,24.0,2985922
G79591-040-S,25.0,2986360
G79591-040-XL,22.0,2986180
G79592-010-2XL,17.0,4250740
G79592-010-L,14.0,4251598
G79592-010-M,16.0,4251342
G79592-010-S,16.0,4251340
G79592-010-XL,14.0,4251759
G79592-040-2XL,14.0,4251312
G79592-040-L,14.0,4251767
G79592-040-M,16.0,4251756
G79592-040-S,16.0,4251628
G79592-040-XL,14.0,4251315
G79592-050-L,14.0,4251611
G79592-050-M,16.0,4251302
G79592-050-S,21.0,4250917
G79592-050-XL,14.0,4251415
G79592-080-2XL,1.0,3583859
G79592-080-L,14.0,3446821
G79592-080-XL,14.0,3446706
G79592-140-XL,1.0,4275255
G79592-160-L,1.0,2879401
G79592-160-S,1.0,3008947
G79592-190-L,1.0,3727809
G79592-210-L,14.0,3447064
G79592-210-M,16.0,3447075
G79592-210-XL,19.0,3446247
G79592-220-2XL,14.0,4206072
G79592-220-L,14.0,4204618
G79592-220-M,16.0,4204832
G79592-220-S,16.0,4205753
G79592-220-XL,14.0,4208238
G79592-230-L,14.0,4204498
G79592-230-M,16.0,4208021
G79592-230-S,16.0,4204512
G79592-230-XL,14.0,4204733
G79593-040-L,23.0,4207575
G79593-040-S,25.0,2971943
G79593-040-XL,23.0,4207612
G79593-150-L,23.0,4207580
G79593-150-M,25.0,4206555
G79593-150-S,25.0,4206554
G79593-150-XL,23.0,4207606
G79593-160-2XL,19.0,4207588
G79593-160-L,23.0,4207568
G79593-160-M,25.0,4206569
G79593-160-XL,23.0,4206572
G79618-040-S,1.0,3009007
G79620-110-XS,1.0,3009890
G79622-010-S,1.0,3008826
G79627-010-L,1.0,3020290
G79627-010-M,3.0,3008873
G79627-030-M,1.0,3009540
G79633-020-M,15.0,2864144
G79633-020-S,15.0,2864561
G79633-060-S,15.0,2864138
G79633-060-XS,15.0,2864237
G79635-020-XL,1.0,3168683
G79635-040-S,15.0,2875813
G79638-010-160,1.0,3008884
G79638-010-170,1.0,3009070
G79638-060-170,1.0,3009926
G79688-010-S,1.0,2794525
G79688-030-L,1.0,3826429
G79688-040-M,2.0,3017734
G79688-040-S,1.0,2759238
G79688-050-S,1.0,3960528
G79688-060-M,1.0,3044642
G79690-020-XL,1.0,2835143
G79691-040-L,1.0,3135322
G79692-030-S,1.0,3439774
G79693-010-XL,16.0,2863050
G79693-020-XL,16.0,2861593
G79693-030-XL,16.0,2853858
G79693-040-L,17.0,2864395
G79693-040-M,17.0,2853519
G79693-040-XL,16.0,2863506
G79700-040-S,1.0,3020480
G79726-010-NS,1.0,3612841
G79726-020-NS,80.0,2815811
G79728-020-NS,1.0,3503339
G79730-100-XL,1.0,3920180
G79742-140-S,1.0,2955651
G79742-320-XL,1.0,2985842
G79742-350-L,65.0,3990870
G79742-350-M,70.0,3991273
G79742-350-S,70.0,3991436
G79742-350-XS,70.0,3991610
G79742-380-L,55.0,4262698
G79742-380-M,60.0,4262859
G79742-380-S,60.0,4262812
G79742-380-XS,60.0,4262710
G79742-390-S,60.0,4262692
G79742-400-L,55.0,4262785
G79742-400-M,60.0,4262816
G79742-420-L,55.0,4262813
G79742-420-M,60.0,4262851
G79742-420-S,60.0,4262708
G79742-420-XS,60.0,4262597
G79742-430-L,41.0,4262774
G79742-430-M,60.0,4262686
G79742-430-S,60.0,4262679
G79743-080-XL,1.0,3204623
G79743-090-M,1.0,3138492
G79744-090-XL,1.0,2879730
G79744-200-L,1.0,3388760
G79744-200-M,1.0,3373106
G79744-220-L,1.0,3414258
G79744-280-L,45.0,2906895
G79744-280-M,50.0,2906911
G79744-290-M,1.0,3373101
G79744-310-L,55.0,3991419
G79744-310-M,55.0,3991242
G79744-310-XL,50.0,3991416
G79744-320-L,55.0,3990833
G79744-320-M,55.0,3991398
G79744-330-L,55.0,3991403
G79744-330-M,55.0,3991112
G79744-330-XL,50.0,3991410
G79744-350-2XL,45.0,4262471
G79744-350-L,50.0,4262789
G79744-350-M,50.0,4262591
G79744-350-S,50.0,4262590
G79744-350-XL,45.0,4262555
G79744-370-L,50.0,4262864
G79744-370-M,50.0,4262468
G79744-370-XL,45.0,4262594
G79744-380-L,50.0,4262720
G79744-380-M,50.0,4262771
G79744-380-S,50.0,4262486
G79744-380-XL,45.0,4262539
G79744-400-L,50.0,4262466
G79744-400-M,50.0,4262482
G79744-400-S,50.0,4262583
G79744-400-XL,45.0,4262726
G79745-010-M,1.0,3227982
G79746-040-L,35.0,3952163
G79746-040-M,35.0,3952675
G79746-040-XL,30.0,3952699
G79746-050-L,35.0,3952689
G79746-050-M,35.0,3952646
G79755-020-M,45.0,3175248
G79755-020-XL,36.0,3175217
G79756-020-2XL,30.0,3175647
G79756-020-L,35.0,3175862
G79756-020-M,35.0,3176120
G79756-020-S,35.0,3175965
G79756-020-XL,30.0,3176104
G79757-060-OSFA,72.0,2861620
G79757-070-OSFA,72.0,2861970
G79757-080-OSFA,72.0,3986544
G79757-090-OSFA,72.0,3986548
G79780-020-S,1.0,4298491
G79780-040-2XL,1.0,3826897
G79780-040-L,1.0,3486542
G79780-090-XL,1.0,3185410
G79780-100-L,1.0,3268476
G79781-040-OSFA,1.0,3906450
G79781-080-OSFA,96.0,2968296
G79781-270-OSFA,1.0,3924434
G79797-020-M,35.0,2854019
G79797-030-M,35.0,2853237
G79798-030-M,1.0,3361827
G79799-010-M,32.0,2853009
G79799-010-S,30.0,2851451
G79800-020-XL,35.0,2841781
G79804-010-L,1.0,3963413
G79804-010-XL,1.0,3013976
G79804-030-2XL,10.0,3048219
G79804-030-L,11.0,3047769
G79804-030-M,11.0,3048145
G79804-030-S,11.0,3047912
G79804-030-XL,10.0,3047910
G79804-060-L,11.0,2862204
G79804-060-M,11.0,2861896
G79804-060-XL,9.0,3242477
G79804-070-L,11.0,2862553
G79804-070-M,11.0,2862122
G79804-080-L,11.0,3048076
G79804-080-M,11.0,3048116
G79804-080-XL,10.0,3048108
G79805-010-XL,1.0,3013975
G79805-030-L,11.0,2862344
G79805-030-M,12.0,2862180
G79805-030-S,12.0,2863074
G79805-030-XS,12.0,2861118
G79805-060-M,12.0,2863254
G79805-060-S,12.0,2838595
G79805-060-XS,12.0,2863184
G79805-080-L,11.0,2862254
G79805-080-M,12.0,2862587
G79805-080-S,12.0,2862080
G79805-080-XL,7.0,2838674
G79805-090-L,11.0,3049058
G79805-090-M,12.0,3049052
G79805-090-S,12.0,3049072
G79807-010-M,1.0,3258417
G79808-020-M,1.0,3468703
G79808-030-XL,1.0,3009067
G79808-040-2XL,14.0,3023203
G79808-040-L,14.0,3023223
G79808-040-M,14.0,3440071
G79808-040-S,14.0,3440069
G79808-040-XL,14.0,3440037
G79808-070-L,14.0,2915330
G79808-070-M,14.0,2915649
G79808-070-S,14.0,2915652
G79808-070-XL,14.0,2915310
G79809-020-L,15.0,2915602
G79809-020-M,15.0,2915774
G79809-020-S,15.0,3440637
G79809-020-XL,15.0,2915551
G79809-020-XS,15.0,2915553
G79809-040-L,15.0,2915377
G79809-040-M,15.0,2915991
G79809-040-S,15.0,2915410
G79809-040-XL,15.0,2915227
G79809-100-M,15.0,3441111
G79809-100-S,15.0,3441101
G79810-010-L,27.0,2862097
G79810-010-M,26.0,2876008
G79810-010-S,27.0,2857869
G79810-020-L,27.0,2994115
G79810-020-M,26.0,2994105
G79810-020-S,26.0,2860916
G79810-020-XL,26.0,2994149
G79810-020-XS,26.0,2994091
G79810-040-M,26.0,2838602
G79810-050-L,26.0,2994162
G79810-050-M,26.0,2994160
G79810-050-S,26.0,2994153
G79810-060-L,27.0,2994141
G79810-060-M,26.0,2994156
G79810-060-S,27.0,2994161
G79811-010-L,25.0,2994054
G79811-010-M,25.0,2994062
G79811-010-S,24.0,2994061
G79811-010-XL,25.0,2994020
G79811-060-L,25.0,2994035
G79811-060-M,24.0,2994049
G79811-060-S,25.0,2994085
G79811-060-XL,24.0,2994077
G79811-070-L,25.0,2994072
G79811-070-M,24.0,2994071
G79811-070-S,24.0,2994079
G79811-070-XL,24.0,2994070
G79811-080-L,23.0,3819715
G79811-080-M,25.0,3819719
G79811-080-S,25.0,3819803
G79811-090-M,26.0,3819710
G79811-090-S,26.0,3819812
G79812-010-2XL,1.0,3280269
G79812-020-2XL,21.0,2993863
G79812-020-L,21.0,2993847
G79812-020-M,22.0,2993921
G79812-020-S,22.0,2993961
G79812-020-XL,21.0,2993909
G79812-040-L,21.0,2863328
G79812-050-L,21.0,2860623
G79812-050-M,21.0,2863367
G79812-060-2XL,21.0,2993866
G79812-060-L,21.0,2993958
G79812-060-M,21.0,2993968
G79812-060-XL,21.0,2993953
G79812-070-2XL,21.0,2993923
G79812-070-L,22.0,2993867
G79812-070-M,22.0,2993965
G79812-070-XL,21.0,2993915
G79813-010-2XL,22.0,2993789
G79813-010-L,21.0,2993860
G79813-010-M,21.0,2993820
G79813-010-S,21.0,2993721
G79813-010-XL,22.0,2993701
G79813-040-L,1.0,3838923
G79813-060-2XL,22.0,2993757
G79813-060-L,21.0,2993781
G79813-060-M,22.0,2994552
G79813-060-XL,21.0,2993864
G79813-070-2XL,21.0,2993765
G79813-070-L,21.0,2993752
G79813-070-M,22.0,2993704
G79813-070-S,23.0,2993778
G79813-070-XL,22.0,2993807
G79813-080-L,21.0,3819580
G79813-080-M,21.0,3819536
G79813-080-XL,22.0,3819584
G79813-090-L,21.0,3819631
G79813-090-M,22.0,3819676
G79816-020-L,12.0,2864576
G79820-020-L,11.0,2857643
G79820-020-M,12.0,2853563
G79820-020-S,12.0,2853320
G79821-030-L,1.0,2963359
G79821-030-S,1.0,2951309
G79822-010-L,1.0,3008834
G79822-030-S,1.0,3009923
G79822-040-S,1.0,3826446
G79824-030-M,1.0,3013972
G79831-020-XS,1.0,3681469
G79833-010-L,45.0,2817289
G79833-010-M,50.0,2820500
G79833-010-S,50.0,2817268
G79833-010-XS,50.0,2817041
G79833-020-L,45.0,2820501
G79833-020-M,50.0,2876292
G79833-020-XS,50.0,2817049
G79833-030-L,45.0,2817060
G79833-030-M,50.0,2820522
G79833-030-S,50.0,2816455
G79833-030-XS,50.0,2816726
G79834-010-L,1.0,4296429
G79834-030-L,40.0,2820516
G79834-030-M,45.0,2820514
G79834-030-XL,40.0,2820895
G79835-020-L,40.0,2817371
G79835-020-M,40.0,2817401
G79835-030-L,40.0,2817361
G79836-020-L,26.0,2812400
G79836-020-M,21.0,2817343
G79836-020-S,22.0,2811040
G79836-020-XS,33.0,2818225
G79838-020-2XL,15.0,2841905
G79839-010-M,13.0,2865274
G79839-020-L,25.0,2945105
G79839-020-M,25.0,2945022
G79839-020-S,25.0,2945095
G79839-020-XL,25.0,2945094
G79839-040-L,1.0,2975048
G79839-080-M,25.0,3170097
G79839-100-L,22.0,3653723
G79839-100-M,22.0,3652685
G79839-100-S,25.0,3652959
G79839-100-XL,12.0,3654063
G79840-010-L,25.0,3755596
G79840-010-M,25.0,3754829
G79840-010-S,25.0,3044169
G79840-010-XL,15.0,3755579
G79840-020-L,25.0,4285270
G79840-020-M,25.0,4286582
G79840-020-S,25.0,4285928
G79840-020-XL,18.0,4002416
G79840-020-XS,20.0,4002104
G79840-050-L,25.0,3782469
G79840-050-M,19.0,4001716
G79840-050-S,20.0,4002127
G79840-050-XL,18.0,4001354
G79840-050-XS,20.0,4002007
G79840-090-XL,25.0,3043903
G79840-100-L,25.0,3044502
G79840-100-M,26.0,3044342
G79840-110-L,25.0,3044490
G79840-110-M,25.0,3044491
G79840-110-S,20.0,3044207
G79840-110-XL,25.0,3044473
G79840-130-S,25.0,3860447
G79841-010-L,15.0,4098189
G79841-010-M,15.0,4258984
G79841-010-S,15.0,4097911
G79841-010-XL,15.0,4259314
G79841-010-XS,15.0,4259286
G79841-020-2XS,15.0,3621022
G79841-020-L,15.0,4258157
G79841-020-M,15.0,4287702
G79841-020-S,15.0,4259248
G79841-020-XL,15.0,3621012
G79841-020-XS,15.0,3620589
G79841-030-2XS,15.0,4299205
G79841-030-L,15.0,4287615
G79841-030-M,15.0,4299307
G79841-030-S,15.0,4287492
G79841-030-XL,15.0,3868812
G79841-030-XS,15.0,3868450
G79841-070-L,1.0,3008753
G79841-080T-M,1.0,3009882
G79841-110-XL,1.0,3826193
G79841-120-2XS,15.0,3054497
G79841-120-S,1.0,3926910
G79841-120-XS,1.0,3457164
G79841-150-M,3.0,3826992
G79841-150-S,1.0,3826301
G79841-170-M,15.0,3734107
G79841-170-S,15.0,3734763
G79841-190-S,15.0,3444793
G79841-210-M,15.0,3220932
G79841-220-2XS,11.0,4259719
G79841-220-L,15.0,4259264
G79841-220-M,15.0,4259107
G79841-220-S,15.0,4098188
G79841-220-XL,15.0,4259633
G79841-220-XS,15.0,4259836
G79841-240-M,15.0,4259293
G79841-240-S,15.0,4259291
G79841-240-XL,15.0,4259256
G79841-250-L,15.0,4121524
G79841-250-M,15.0,4121587
G79841-250-S,15.0,4121621
G79841-250-XL,15.0,4098168
G79841-260-L,15.0,4121560
G79841-260-M,15.0,4121734
G79841-260-S,15.0,4121896
G79841-260-XL,14.0,4121885
G79842-020-2XL,24.0,3651580
G79842-020-L,24.0,3651828
G79842-020-M,24.0,3651673
G79842-020-XL,24.0,3651943
G79842-050-L,1.0,2767177
G79842-060-M,1.0,4298454
G79842-090-L,17.0,3651807
G79842-090-M,24.0,3651859
G79842-090-XL,24.0,3652027
G79842-100-2XL,24.0,3651803
G79842-100-L,24.0,3652031
G79842-100-M,24.0,3652006
G79842-100-XL,25.0,3651831
G79843-020-2XL,25.0,2944651
G79843-020-L,22.0,3652966
G79843-020-M,22.0,3652964
G79843-020-S,25.0,3151102
G79843-020-XL,20.0,3652962
G79843-040-L,25.0,2861820
G79843-040-M,25.0,2863286
G79843-060-L,25.0,3151689
G79843-060-M,25.0,3151439
G79843-060-XL,25.0,3151086
G79843-080-L,22.0,3652605
G79843-080-M,22.0,3653964
G79843-090-L,22.0,3653960
G79843-090-M,22.0,3653910
G79844-010-2XL,15.0,4001478
G79844-010-L,25.0,4285742
G79844-010-M,25.0,4285714
G79844-010-S,17.0,4002285
G79844-010-XL,25.0,4285754
G79844-020-2XL,15.0,4001457
G79844-020-L,16.0,4002429
G79844-020-M,25.0,4285542
G79844-020-S,17.0,4000940
G79844-020-XL,16.0,4002350
G79844-040-L,22.0,3755603
G79844-040-M,22.0,3755043
G79844-040-XL,22.0,3755420
G79844-050-S,1.0,3826918
G79844-050-XL,1.0,3826386
G79844-060-M,1.0,4018696
G79844-080-L,22.0,3042468
G79844-100-L,22.0,3042078
G79844-100-M,22.0,3042455
G79844-100-XL,22.0,3042204
G79844-110-2XL,22.0,3041966
G79844-140-L,22.0,3755320
G79844-140-M,16.0,3755354
G79844-140-XL,22.0,3755423
G79845-010-2XL,14.0,4288087
G79845-010-L,14.0,4254932
G79845-010-M,14.0,4288269
G79845-010-S,14.0,4288594
G79845-010-XL,14.0,4254481
G79845-010-XS,14.0,4288259
G79845-020-2XL,14.0,3624893
G79845-020-L,14.0,4254713
G79845-020-M,14.0,4254841
G79845-020-S,14.0,4288624
G79845-020-XL,14.0,4254690
G79845-020-XS,14.0,3625070
G79845-030-2XL,14.0,4258829
G79845-030-L,14.0,4098201
G79845-030-M,14.0,4258860
G79845-030-S,14.0,4258922
G79845-030-XL,14.0,4258800
G79845-130-L,14.0,3056324
G79845-130-M,14.0,3056776
G79845-130-S,1.0,4298463
G79845-130-XL,14.0,3056532
G79845-160-M,14.0,3444868
G79845-160-S,1.0,4098960
G79845-170-L,14.0,3617771
G79845-170-M,14.0,3617198
G79845-170-S,14.0,3617296
G79845-170-XL,14.0,3617750
G79845-180-L,14.0,3443333
G79845-180-M,14.0,3443920
G79845-180-S,1.0,4098967
G79845-200-L,14.0,3734695
G79845-200-M,14.0,3734938
G79845-200-XL,14.0,3617573
G79845-210-2XL,14.0,4121624
G79845-210-L,14.0,4121627
G79845-210-M,14.0,4121530
G79845-210-S,14.0,4121719
G79845-210-XL,14.0,4121704
G79845-230-2XL,14.0,4254342
G79845-230-L,14.0,4254228
G79845-230-M,14.0,4254231
G79845-230-S,14.0,4254351
G79845-230-XL,14.0,4254167
G79846-020-L,26.0,3651714
G79846-020-M,26.0,3651783
G79846-020-S,26.0,3651690
G79846-020-XL,26.0,3441143
G79846-020-XS,1.0,3827682
G79846-030-M,26.0,3022439
G79846-030-XS,26.0,3022768
G79846-040-L,26.0,3734668
G79846-040-M,26.0,3441211
G79846-040-XL,17.0,3734501
G79847-100-L,1.0,3810577
G79847-120-M,15.0,3739285
G79847-120-S,15.0,3739322
G79847-130-L,15.0,3738887
G79847-130-M,15.0,3738919
G79847-130-S,15.0,3739103
G79847-140-L,15.0,4221149
G79847-140-M,15.0,4221044
G79847-140-S,15.0,4221211
G79847-170-L,15.0,4192959
G79847-170-M,15.0,4192999
G79847-170-S,15.0,4193091
G79847-180-L,15.0,4193075
G79847-180-M,15.0,4193615
G79847-180-S,15.0,4193398
G79847-180-XS,15.0,4193634
G79847-190-L,15.0,4193081
G79847-190-M,15.0,4192956
G79847-190-S,15.0,4192978
G79848-020-XL,1.0,3802137
G79848-040-L,1.0,2879400
G79848-050-L,1.0,3009448
G79848-060-L,1.0,3801979
G79848-080-M,1.0,3827483
G79848-090-L,1.0,3810670
G79848-110-L,14.0,3739113
G79848-110-M,14.0,3738958
G79848-110-XL,14.0,3739227
G79848-120-L,14.0,3739116
G79848-120-M,14.0,3739376
G79848-120-XL,14.0,3738900
G79848-140-L,14.0,4151862
G79848-140-M,14.0,4151845
G79848-140-S,14.0,4151922
G79848-140-XL,14.0,3739398
G79848-150-L,14.0,3023198
G79848-150-M,14.0,3023201
G79848-170-L,14.0,4151990
G79848-170-M,14.0,4152080
G79848-170-XL,14.0,4152091
G79848-180-L,14.0,4151950
G79848-180-M,14.0,4152078
G79848-180-XL,14.0,4152069
G79849-010-S,1.0,3827072
G79849-020-M,1.0,3845825
G79849-030-L,10.0,3054044
G79849-030-S,1.0,3827585
G79849-030-XL,10.0,3054227
G79849-040-L,10.0,3053238
G79849-040-XL,10.0,3053395
G79850-010-L,10.0,3737949
G79850-010-M,10.0,3739141
G79850-010-S,10.0,3737962
G79850-010-XL,10.0,3739344
G79850-010-XS,10.0,3738951
G79850-020-L,10.0,3056140
G79850-020-M,10.0,3186875
G79850-020-S,10.0,3739134
G79850-020-XL,10.0,3186109
G79850-030-M,10.0,3186203
G79850-030-S,10.0,3186476
G79850-040-M,10.0,3056990
G79850-040-S,10.0,3056903
G79850-050-M,10.0,3739301
G79850-050-S,10.0,3739239
G79850-050-XS,10.0,3739294
G79857-010-S,1.0,4089654
G79858-020-M,1.0,3262158
G79858-030-S,1.0,3258418
G79858-040-L,1.0,3827522
G79859-010-L,21.0,2819025
G79859-010-M,1.0,2950755
G79859-010-XL,21.0,2819011
G79862-060-L,30.0,2808815
G79862-060-M,30.0,2808974
G79864-010-OSFA,48.0,2863954
G79864-030-OSFA,1.0,3177792
G79877-010-L,5.0,2863679
G79877-010-XL,5.0,2864357
G79877-030-L,5.0,3204431
G79877-030-XL,5.0,2864315
G79884-010-M,1.0,2765282
G79884-020-S,31.0,2810806
G79884-030-L,26.0,2816698
G79884-030-XS,23.0,2814590
G79885-010-L,30.0,2818131
G79885-010-M,30.0,2818237
G79885-010-S,30.0,2818227
G79885-010-XL,23.0,2818128
G79885-030-M,25.0,2818121
G79885-030-S,30.0,2876466
G79885-030-XL,23.0,2880543
G79886-020-S,30.0,2821186
G79886-030-L,25.0,2817269
G79886-030-XL,25.0,2817560
G79887-020-L,30.0,2816497
G79887-020-M,35.0,2816415
G79887-020-S,35.0,2818219
G79887-020-XL,30.0,2817336
G79887-030-L,30.0,2816476
G79887-030-M,35.0,2817374
G79887-030-S,35.0,2816443
G79887-030-XL,30.0,2816471
G79888-010-L,27.0,2816441
G79888-010-M,33.0,2816482
G79888-010-S,33.0,2816410
G79888-010-XS,33.0,2816711
G79888-030-L,27.0,2816436
G79888-030-M,33.0,2816468
G79888-030-S,33.0,2816432
G79888-030-XS,26.0,2818122
G79889-010-L,30.0,2818291
G79889-010-M,35.0,2818285
G79889-010-XS,35.0,2818283
G79889-030-M,35.0,2818339
G79889-030-S,35.0,2818296
G79889-030-XS,25.0,2814194
G79890-010-M,53.0,2818130
G79890-020-M,1.0,3262145
G79890-030-M,56.0,2813859
G79893-010-L,58.0,3175563
G79893-010-M,60.0,3175575
G79894-020-2XL,45.0,3175454
G79894-020-L,45.0,3175856
G79894-020-XL,45.0,3175835
G79895-030-L,20.0,3050575
G79895-030-M,21.0,3050446
G79895-030-S,21.0,3050613
G79897-010-S,12.0,2876243
G79897-040-S,12.0,2824779
G79906-030-L,1.0,2862244
G79906-040-L,10.0,2827576
G79906-040-M,10.0,2828347
G79906-040-S,1.0,3008925
G79906-040-XL,10.0,2828342
G79906-060-2XL,1.0,2892292
G79917-030-2XL,13.0,3044682
G79917-030-L,14.0,3044683
G79917-030-M,14.0,3044862
G79917-030-XL,13.0,3045890
G79917-060-L,14.0,3045917
G79917-060-M,14.0,3045927
G79917-060-S,15.0,3044830
G79917-060-XL,13.0,3044867
G79918-020-S,1.0,3328846
G79918-020-XL,14.0,3045407
G79923-010-S,2.0,3246431
G79923-020-L,36.0,3952307
G79923-020-M,36.0,3952880
G79923-020-S,36.0,3952869
G79923-020-XS,36.0,3952316
G79924-010-XL,24.0,2818999
G79926-010-L,1.0,3946068
G79926-010-M,1.0,3747219
G79926-010-XS,1.0,4175894
G79926-020-L,1.0,3919950
G79926-020-S,1.0,3457312
G79926-030-M,1.0,4005189
G79926-030-S,1.0,3636134
G79926-030-XS,1.0,3573272
G79931-030-M,1.0,3973952
G79931-030-S,4.0,4253072
G79931-040-S,1.0,4038191
G79931-040-XS,4.0,4248328
G79931-050-L,1.0,3810545
G79931-050-M,1.0,3580296
G79931-050-S,1.0,3009522
G79940-010-S,18.0,2864757
G79940-010-XS,1.0,3580381
G79940-040-M,16.0,2863803
G79940-090-M,18.0,2861637
G79940-090-S,18.0,2861288
G79942-010-L,1.0,3826824
G79942-030-L,18.0,2864116
G79942-030-M,18.0,2864132
G79942-030-S,18.0,2863405
G79942-060-XL,1.0,2803277
G79942-080-L,18.0,2863447
G79942-080-M,18.0,2863987
G79942-090-M,1.0,3827054
G79943-030-L,18.0,2864626
G79943-030-M,18.0,2861652
G79944-010-S,18.0,2844718
G79944-030-M,1.0,3826232
G79944-040-M,18.0,2856036
G79944-040-S,18.0,2875817
G79944-050-L,18.0,2863219
G79944-050-M,18.0,2863264
G79944-050-S,18.0,2863057
G79944-080-M,18.0,2864852
G79944-080-S,18.0,2861452
G79944-090-M,18.0,2880548
G79944-090-S,18.0,2880523
G79944-090-XS,1.0,3827460
G79977-010-140,40.0,3025813
G79977-010-150,35.0,3025723
G79977-010-160,30.0,3026052
G79977-010-170,30.0,3025993
G79977-020-140,40.0,3026072
G79977-020-150,35.0,3026048
G79977-020-160,30.0,3026104
G79977-020-170,31.0,3025966
G79977-060-160,30.0,3025912
G79977-060-170,30.0,3026125
G79978-010-150,22.0,3644043
G79978-010-160,20.0,3643711
G79978-010-170,20.0,3645244
G79978-020-150,22.0,3643148
G79978-020-160,22.0,3025771
G79978-020-170,20.0,3644522
G79978-070-160,1.0,3919908
G79978-150-160,1.0,3889495
G79978-160-160,20.0,3645177
G79978-160-170,20.0,3645154
G79978-170-160,20.0,3645155
G79978-170-170,20.0,3642064
G79979-010-130,34.0,3024457
G79979-010-140,32.0,3024500
G79979-010-150,32.0,3024460
G79979-010-160,25.0,3024455
G79979-010-170,25.0,2817643
G79979-020-130,33.0,3641939
G79979-020-150,30.0,3644507
G79979-020-160,27.0,3644141
G79979-020-170,27.0,3644505
G79981-010-140,22.0,3645217
G79981-010-150,20.0,3645086
G79981-010-160,20.0,3026049
G79981-010-170,18.0,3025948
G79981-020-160,20.0,3025935
G79981-020-170,20.0,2819317
G79981-070-150,22.0,2824654
G79981-070-160,20.0,2824674
G79981-070-170,20.0,2824644
G79981-130-160,20.0,3025992
G79981-130-170,18.0,3025984
G79981-140-160,18.0,3645459
G79981-140-170,18.0,3645036
G79988-010-L,14.0,4001877
G79988-010-M,15.0,4001562
G79988-010-XL,12.0,4001925
G79988-020-L,14.0,4001894
G79988-020-M,14.0,4001917
G79988-020-XL,12.0,4001883
G79990-010-37/39,108.0,3246812
G79990-020-35/37,108.0,3246821
G79990-030-35/37,70.0,2812716
G80032-010-L,5.0,4255085
G80032-010-S,5.0,3177849
G80032-010-XL,4.0,4255729
G80032-020-M,1.0,4120065
G80032-030-L,5.0,4252186
G80032-030-M,6.0,4254220
G80032-030-S,5.0,3178087
G80032-030-XL,4.0,4255231
G80032-040-L,5.0,3178133
G80032-040-M,5.0,3178395
G80032-040-S,5.0,3177850
G80032-040-XL,5.0,4256634
G80039-030-M,1.0,3468652
G80041-010-L,1.0,2857359
G80041-010-S,1.0,4219501
G80041-030-M,1.0,3281193
G80042-010-XL,1.0,4183846
G80043-030-L,16.0,2862162
G80043-030-M,16.0,2860134
G80044-010-L,15.0,2875648
G80044-010-M,15.0,2862089
G80044-010-S,15.0,2862393
G80045-030-M,1.0,3055121
G80048-010-OSFA,72.0,2853301
G80049-010-OSFA,1.0,3185379
G80049-060-OSFA,72.0,3986585
G80052-010-NS,34.0,2857650
G80052-020-NS,34.0,2857472
G80053-010-NS,68.0,3742673
G80053-030-NS,1.0,3902141
G80053-040-NS,68.0,2912140
G80053-060-NS,68.0,3745322
G80053-070-NS,68.0,3742709
G80054-010-NS,48.0,2867548
G80054-020-NS,48.0,2862800
G80054-030-NS,1.0,3077375
G80104-010-NS,50.0,2824828
G80104-020-NS,50.0,2824858
G80104-030-NS,50.0,2824825
G80106-010-M,40.0,2852613
G80106-020-L,41.0,4005663
G80106-020-M,41.0,4005852
G80106-020-S,40.0,4005836
G80106-020-XL,41.0,4005882
G80106-030-L,40.0,4005848
G80106-030-M,40.0,4005842
G80107-010-2XL,40.0,3978253
G80107-010-L,40.0,3978195
G80107-010-M,40.0,3978194
G80107-010-XL,40.0,3978262
G80108-010-2XL,28.0,4001942
G80108-010-L,30.0,4001164
G80108-010-M,30.0,4001075
G80108-010-S,30.0,4000805
G80108-010-XL,28.0,4000812
G80108-030-L,1.0,3172953
G80108-030-M,1.0,2899173
G80108-040-M,1.0,3727731
G80108-050-2XL,28.0,4000818
G80108-050-L,30.0,3845037
G80108-050-M,30.0,4001436
G80108-050-S,30.0,4001271
G80108-050-XL,28.0,4001433
G80108-060-2XL,28.0,4001327
G80108-060-L,30.0,4001165
G80108-060-M,30.0,4001321
G80108-060-S,30.0,4001095
G80108-060-XL,28.0,4001846
G80109-010-L,40.0,3978309
G80109-010-M,42.0,3978264
G80109-010-S,42.0,3978265
G80109-010-XL,37.0,3978259
G80109-020-L,1.0,3373108
G80109-030-XL,14.0,2853391
G80109-050-XL,6.0,3978263
G80110-020-L,25.0,4244709
G80110-020-M,27.0,4244711
G80110-020-XL,7.0,4244732
G80111-020-L,24.0,3844969
G80111-020-M,24.0,3845108
G80111-020-S,26.0,3845071
G80111-020-XL,24.0,3845036
G80111-020-XS,26.0,3844934
G80111-040-L,14.0,3845354
G80111-040-M,24.0,3845364
G80111-050-M,24.0,3845344
G80113-010-L,10.0,3251147
G80113-010-M,10.0,3251164
G80113-010-S,10.0,3251271
G80113-010-XL,10.0,3229516
G80113-030-L,30.0,2853406
G80113-030-M,30.0,2853360
G80113-030-S,30.0,2853392
G80113-040-L,10.0,3229566
G80113-040-M,10.0,3229550
G80113-040-S,10.0,3229212
G80113-040-XL,10.0,3229306
G80113-050-L,10.0,3229086
G80113-050-M,10.0,3229094
G80113-050-S,10.0,3229481
G80113-050-XS,9.0,3229080
G80115-010-L,40.0,3884497
G80115-010-XL,40.0,3886750
G80115-020-2XL,31.0,3885495
G80115-020-L,40.0,3885742
G80115-020-M,40.0,3885729
G80115-020-XL,40.0,3885754
G80115-030-L,40.0,3884495
G80115-030-M,40.0,3887771
G80115-030-XL,40.0,3884504
G80116-010-L,17.0,2865195
G80116-010-M,21.0,2865387
G80119-020-L,30.0,4000766
G80119-020-M,32.0,4001621
G80119-020-S,1.0,4094637
G80119-020-XL,30.0,4000777
G80119-030-L,30.0,4001176
G80119-030-M,32.0,4000760
G80119-030-S,32.0,4001326
G80119-030-XL,31.0,4001007
G80119-030-XS,32.0,4001043
G80119-050-L,30.0,4001632
G80119-050-M,32.0,4001194
G80119-050-S,32.0,4001306
G80119-050-XL,30.0,4001179
G80119-050-XS,32.0,4000785
G80120-010-L,24.0,3845677
G80120-010-M,24.0,3845671
G80120-010-XL,24.0,3845510
G80120-030-2XL,22.0,3845673
G80120-030-L,24.0,3845706
G80120-030-M,24.0,3845227
G80120-030-S,24.0,3845812
G80120-030-XL,24.0,3845480
G80120-040-L,24.0,3845402
G80121-010-M,40.0,2819488
G80121-010-S,40.0,2828403
G80121-020-L,40.0,3732979
G80121-020-M,40.0,3735310
G80121-020-S,40.0,3733823
G80121-020-XL,40.0,3733215
G80121-030-L,40.0,3734884
G80121-030-M,40.0,3887074
G80121-030-XL,40.0,3733847
G80121-050-L,40.0,3733218
G80121-050-M,40.0,3735314
G80121-050-S,40.0,3733832
G80121-050-XL,40.0,3733851
G80122-010-XS,21.0,2819265
G80122-020-M,35.0,3791242
G80122-020-S,35.0,3790798
G80122-020-XS,35.0,3790802
G80122-030-L,35.0,4262961
G80122-030-M,35.0,4262993
G80122-030-S,35.0,3790944
G80122-030-XS,35.0,3791131
G80122-040-M,30.0,2990989
G80122-040-S,24.0,2990939
G80124-010-M,1.0,3321603
G80124-010-XL,1.0,4030224
G80124-020-L,10.0,3251139
G80124-020-M,10.0,3251162
G80124-020-S,10.0,3251054
G80124-030-XL,30.0,2853387
G80124-040-L,10.0,3229584
G80124-040-M,10.0,3229463
G80124-040-XL,10.0,3251152
G80124-050-L,10.0,3229295
G80124-050-M,10.0,3229493
G80124-050-S,10.0,3229126
G80124-050-XL,10.0,3229522
G80125-010-L,40.0,3672668
G80125-010-M,40.0,3673250
G80125-010-S,40.0,3735331
G80125-010-XL,40.0,3673366
G80125-020-2XL,40.0,3735021
G80125-020-L,40.0,3736208
G80125-020-M,40.0,3736588
G80125-020-XL,40.0,3735014
G80125-030-2XL,40.0,3735335
G80125-030-L,40.0,3736201
G80125-030-M,40.0,3735870
G80125-030-S,40.0,4262928
G80125-030-XL,40.0,4262939
G80127-010-L,35.0,4005874
G80127-010-M,35.0,3169924
G80127-010-S,37.0,4005793
G80127-020-M,37.0,2852873
G80127-020-S,36.0,2852888
G80129-010-170,32.0,2816673
G80132-010-160,20.0,3022302
G80132-010-170,18.0,3021351
G80160-010-2XL,12.0,3777250
G80160-010-L,13.0,3776756
G80160-010-M,14.0,3776846
G80160-010-S,14.0,3777104
G80160-010-XL,12.0,3776732
G80160-020-L,14.0,2838789
G80160-020-M,15.0,2838765
G80160-030-L,14.0,2838784
G80160-030-M,15.0,2838781
G80160-030-XL,1.0,3106636
G80160-040-2XL,12.0,3050646
G80160-040-L,13.0,3050797
G80160-040-M,14.0,3050552
G80160-040-S,14.0,3050202
G80160-040-XL,12.0,3050710
G80160-060-L,13.0,3776644
G80160-060-M,14.0,3777103
G80160-060-XL,12.0,3777102
G80160-070-2XL,12.0,3777244
G80160-070-L,13.0,3776599
G80160-070-M,14.0,3776999
G80160-070-XL,12.0,3776592
G80161-010-2XL,31.0,3819934
G80161-010-L,48.0,3819427
G80161-010-M,48.0,3819431
G80161-010-XL,48.0,3819496
G80161-020-L,31.0,2876492
G80162-020-L,20.0,4244685
G80162-020-M,20.0,4244700
G80162-020-XL,36.0,3688493
G80162-030-L,42.0,2842267
G80162-030-M,1.0,3920186
G80162-030-XL,6.0,2845323
G80163-010-L,35.0,2856864
G80163-010-M,40.0,4005682
G80163-010-S,40.0,4006220
G80164-010-2XL,5.0,2849675
G80164-020-M,1.0,4090284
G80164-040-2XL,5.0,2844966
G80164-040-M,15.0,2850852
G80164-040-S,1.0,3456149
G80164-050-M,15.0,2861687
G80165-020-L,20.0,3290276
G80165-020-M,20.0,3290022
G80165-020-S,20.0,3290021
G80165-020-XL,18.0,3290361
G80165-020-XS,20.0,3290358
G80165-040-S,1.0,3567391
G80165-060-L,20.0,3646351
G80165-060-M,20.0,3646361
G80165-060-S,20.0,3646354
G80165-070-M,20.0,3645933
G80165-070-S,20.0,3645603
G80165-080-L,20.0,3672840
G80165-080-M,20.0,3673063
G80165-080-S,20.0,3673195
G80165-080-XL,18.0,3673183
G80165-080-XS,18.0,3673078
G80166-010-L,45.0,2947307
G80166-010-M,50.0,2946902
G80166-010-S,50.0,2947310
G80166-010-XS,50.0,2946907
G80166-020-L,1.0,3258174
G80167-010-L,50.0,3026847
G80167-010-M,50.0,3026829
G80167-010-S,50.0,3819489
G80167-010-XL,28.0,3819586
G80167-040-M,50.0,3819575
G80168-020-2XL,18.0,3289909
G80168-020-L,20.0,3645973
G80168-020-M,20.0,3645647
G80168-020-S,20.0,3646033
G80168-020-XL,18.0,3646039
G80168-030-S,1.0,3456142
G80168-050-L,1.0,3623210
G80168-060-L,20.0,3645965
G80168-080-L,20.0,3645645
G80168-080-M,20.0,3646017
G80168-080-XL,18.0,3645569
G80169-020-2XL,18.0,2994480
G80169-020-L,19.0,2994605
G80169-020-M,19.0,2994608
G80169-020-S,19.0,2994560
G80169-020-XL,18.0,2994590
G80169-050-2XL,18.0,2994619
G80169-050-L,19.0,2994623
G80169-050-M,18.0,2994618
G80169-050-XL,18.0,2994595
G80169-060-2XL,13.0,2994600
G80169-060-L,18.0,2994479
G80169-060-M,18.0,2994475
G80169-060-XL,20.0,2994487
G80169-080-L,19.0,3819543
G80169-080-M,18.0,3819704
G80169-080-XL,18.0,3819657
G80169-090-M,19.0,3819708
G80169-090-XL,18.0,3819617
G80169-100-L,18.0,3819619
G80169-100-M,18.0,3819679
G80169-100-XL,18.0,3819937
G80171-040-M,15.0,2862313
G80171-040-S,15.0,2853056
G80173-020-L,13.0,3776884
G80173-020-M,14.0,3777511
G80173-020-S,14.0,3777193
G80173-020-XL,13.0,3777364
G80173-020-XS,14.0,3776852
G80173-040-M,15.0,2853030
G80173-050-L,13.0,3050249
G80173-050-M,14.0,3050851
G80173-050-S,14.0,3050706
G80173-050-XL,13.0,3050740
G80173-070-S,14.0,3776951
G80173-070-XL,13.0,3777390
G80173-080-M,14.0,3777383
G80173-080-S,14.0,3777350
G80173-080-XL,13.0,3777500
G80174-010-M,40.0,3688575
G80174-010-S,40.0,3688520
G80176-020-2XL,24.0,2967386
G80176-020-L,26.0,2967224
G80176-020-M,28.0,2967150
G80176-020-S,28.0,2967241
G80176-020-XL,26.0,2967147
G80177-010-XL,1.0,3141241
G80177-020-2XL,22.0,2947166
G80177-020-L,40.0,2947331
G80177-020-M,40.0,2947315
G80177-020-S,40.0,2947292
G80177-020-XL,35.0,2947316
G80177-050-L,39.0,3991039
G80177-050-M,40.0,3991044
G80177-050-XL,33.0,3991031
G80179-010-L,35.0,2857861
G80179-010-M,40.0,4006430
G80180-010-L,30.0,2947301
G80180-010-M,35.0,2947325
G80180-010-S,35.0,2947376
G80180-010-XL,28.0,2947379
G80180-010-XS,35.0,2947098
G80181-020-L,28.0,2967087
G80181-020-M,28.0,2967152
G80181-020-S,30.0,2967076
G80181-020-XL,26.0,2967058
G80181-020-XS,30.0,2967001
G80182-020-L,27.0,2947022
G80182-020-M,30.0,2946947
G80182-020-XL,27.0,2946887
G80182-050-L,30.0,3990808
G80182-050-M,30.0,3990809
G80183-020-L,20.0,2994263
G80183-020-M,21.0,2994193
G80183-020-S,22.0,3819907
G80183-020-XL,20.0,2994299
G80183-020-XS,21.0,2994494
G80183-040-M,13.0,2865283
G80183-050-L,21.0,2994374
G80183-050-M,21.0,2994365
G80183-050-S,21.0,2994332
G80183-050-XL,21.0,2994286
G80183-080-M,21.0,3819486
G80183-080-S,21.0,3819733
G80183-090-L,21.0,3819699
G80183-090-M,20.0,3819698
G80183-090-S,22.0,3819652
G80183-100-L,20.0,3819503
G80183-100-M,20.0,3819688
G80183-100-S,20.0,3819608
G80183-100-XL,20.0,3819653
G80185-010-L,20.0,2860811
G80185-010-M,20.0,2966314
G80185-010-S,22.0,2966309
G80185-010-XL,20.0,2966379
G80185-030-L,20.0,2966297
G80185-030-M,20.0,2966301
G80185-030-S,1.0,3467923
G80185-030-XL,20.0,2966208
G80185-050-L,20.0,2966311
G80185-050-M,20.0,2966305
G80186-020-L,11.0,2860798
G80186-020-M,22.0,2860715
G80186-020-S,24.0,2860806
G80186-030-L,20.0,2966579
G80186-030-M,22.0,2966586
G80186-030-S,22.0,2966691
G80186-040-L,20.0,2966673
G80186-040-M,22.0,2966689
G80186-040-S,22.0,2966448
G80186-050-L,20.0,2966572
G80186-050-M,22.0,2966471
G80186-050-S,22.0,2966674
G80191-010-27-32,35.0,3808308
G80191-010-28-30,35.0,3808928
G80191-010-28-32,35.0,3808075
G80191-010-29-30,35.0,3808050
G80191-010-29-32,35.0,3808297
G80191-010-30-32,35.0,3809194
G80191-010-31-32,35.0,3809185
G80191-020-27-32,35.0,3884484
G80191-020-28-30,30.0,2876265
G80191-020-28-32,35.0,3884377
G80191-020-29-30,35.0,3884363
G80191-020-29-32,35.0,3808920
G80191-020-30-32,35.0,3884474
G80191-020-31-32,35.0,3808070
G80191-030-28-32,1.0,3486229
G80191-050-27-32,35.0,3808306
G80191-050-28-32,35.0,3809200
G80191-050-29-32,35.0,3808309
G80191-050-30-32,35.0,3809334
G80193-020-32-32,35.0,2819278
G80193-020-34-32,35.0,2819556
G80193-030-32-32,35.0,2819520
G80193-030-34-32,35.0,2819551
G80194-010-L,1.0,2977995
G80194-010-M,1.0,3420987
G80194-010-S,1.0,3414245
G80194-050-M,1.0,3262121
G80194-060-L,9.0,3952027
G80196-010-M,21.0,3952004
G80196-010-S,45.0,3951090
G80196-020-M,45.0,3951851
G80196-020-S,45.0,3952016
G80196-020-XL,39.0,3951254
G80196-070-M,45.0,3951983
G80196-070-S,45.0,3951999
G80196-070-XL,19.0,3951266
G80201-020-L,50.0,3605514
G80201-040-M,50.0,3564900
G80201-050-XL,28.0,3605563
G80202-020-L,60.0,3735258
G80202-020-M,60.0,3735255
G80202-020-S,60.0,3735260
G80203-010-M,49.0,3978299
G80203-010-S,46.0,3978297
G80204-020-L,40.0,3808852
G80204-020-M,40.0,3808474
G80204-020-XL,40.0,3808808
G80204-030-L,40.0,3808798
G80204-030-M,40.0,3808451
G80204-030-XL,40.0,3808402
G80205-020-M,40.0,3808864
G80205-020-S,40.0,3808416
G80205-030-M,40.0,3808462
G80206-010-M,1.0,3681485
G80207-010-S,2.0,3681421
G80208-030-32-32,35.0,3791511
G80208-030-33-32,35.0,3791018
G80208-040-32-32,35.0,3806054
G80208-040-33-32,35.0,3791169
G80209-010-28-30,1.0,3439772
G80212-010-L,55.0,3977845
G80212-010-XL,31.0,3977832
G80216-020-M,1.0,3915741
G80216-020-S,18.0,2863541
G80217-020-L,1.0,2977240
G80220-020-S,21.0,4081381
G80220-050-L,40.0,4081710
G80220-050-M,60.0,4081627
G80220-050-S,60.0,4082754
G80221-020-S,1.0,2869225
G80221-030-L,32.0,4082746
G80221-030-M,45.0,4082708
G80221-030-S,45.0,4082748
G80221-040-M,45.0,4082757
G80221-040-S,45.0,4082763
G80226-010-30,1.0,3451579
G80229-010-S,40.0,3954500
G80229-010-XS,1.0,3681442
G80229-040-L,38.0,3951000
G80229-040-M,40.0,3951115
G80229-040-S,40.0,3951078
G80229-040-XL,38.0,3954502
G80229-040-XS,40.0,3951017
G80229-090-L,38.0,3951137
G80229-090-M,40.0,3951117
G80234-010-L,25.0,2966926
G80234-010-M,26.0,2853514
G80234-010-S,18.0,2966932
G80234-010-XL,22.0,2967011
G80234-030-L,25.0,2967073
G80234-030-M,25.0,2966914
G80234-030-S,25.0,2967009
G80234-030-XL,22.0,2966918
G80234-050-L,25.0,2966991
G80238-020-L,24.0,2966577
G80238-020-M,24.0,2966643
G80238-020-S,26.0,2966637
G80238-020-XS,7.0,2966728
G80238-040-L,24.0,2966759
G80238-040-M,24.0,2966854
G80238-040-S,26.0,2966831
G80238-050-M,15.0,2966661
G80244-030-XS,1.0,3086756
G80248-010-NS,60.0,3745073
G80248-040-NS,1.0,3044601
G80248-050-NS,60.0,2857684
G80248-080-NS,60.0,3745184
G80248-100-NS,60.0,3745025
G80250-020-L,30.0,3130978
G80250-020-M,30.0,3130962
G80250-020-S,30.0,3130966
G80250-020-XL,30.0,3130961
G80250-020-XS,30.0,3130972
G80252-030-L,30.0,3131040
G80252-030-M,30.0,3131050
G80252-030-S,30.0,3131057
G80259-010-170,1.0,3826441
G80259-030-130,15.0,2855980
G80259-030-140,15.0,3055797
G80259-030-150,15.0,3734640
G80259-030-160,15.0,3734153
G80259-030-170,15.0,3734624
G80259-040-140,15.0,3734368
G80259-040-150,15.0,3734648
G80259-040-160,15.0,3734384
G80259-040-170,15.0,3734774
G80259-060-170,1.0,2842548
G80259-070-160,15.0,3054478
G80259-130-160,15.0,3734793
G80260-020-130,20.0,3739274
G80260-020-140,28.0,3739332
G80260-020-150,28.0,3739334
G80260-020-160,28.0,3739335
G80260-020-170,28.0,3739265
G80261-010-M,24.0,2864430
G80271-010-L,60.0,4005998
G80271-010-M,149.0,2853403
G80273-010-27,40.0,3884367
G80273-010-28,40.0,3733697
G80273-010-29,40.0,3734971
G80273-010-30,40.0,3884359
G80273-010-31,28.0,3884357
G80273-030-27,40.0,3734976
G80273-030-28,40.0,3733671
G80273-030-29,35.0,3735008
G80273-030-30,40.0,3735019
G80273-030-31,40.0,3734965
G80273-050-27,40.0,3884385
G80273-050-28,40.0,3883229
G80273-050-29,40.0,3885527
G80273-050-30,40.0,3883244
G80273-060-29,40.0,3735004
G80274-010-L,23.0,2813208
G80274-010-M,23.0,3012768
G80274-010-S,25.0,2875678
G80274-010-XL,1.0,3013965
G80274-020-L,23.0,2876188
G80274-020-M,24.0,3011165
G80274-020-S,25.0,3011048
G80274-050-M,1.0,3946076
G80275-010-L,23.0,2809150
G80275-010-M,25.0,2809208
G80275-010-XL,23.0,2875671
G80275-020-L,24.0,2809123
G80275-020-M,25.0,2940117
G80275-020-S,19.0,2940118
G80275-020-XL,11.0,2808688
G80275-050-L,14.0,2809120
G80275-080-L,23.0,2940119
G80275-080-M,1.0,3388753
G80275-090-L,23.0,2939298
G80275-090-M,1.0,4258836
G80276-010-L,14.0,2813433
G80276-010-M,16.0,2813639
G80276-010-XL,15.0,2876241
G80276-020-L,14.0,2939926
G80276-020-M,16.0,2939827
G80276-020-S,16.0,2939930
G80276-020-XL,14.0,2939950
G80276-090-L,14.0,2939708
G80276-090-M,16.0,2939914
G80276-090-XL,14.0,2939906
G80277-010-L,16.0,2818629
G80277-010-M,16.0,2818659
G80277-010-S,18.0,2818660
G80277-010-XS,1.0,3137741
G80277-020-L,16.0,2876460
G80277-020-M,16.0,2818872
G80277-020-S,18.0,3011391
G80277-050-S,1.0,3451582
G80277-050-XS,1.0,3414259
G80277-060-S,1.0,3355066
G80277-070-M,16.0,3010931
G80277-070-S,18.0,3010927
G80278-010-L,36.0,3528591
G80278-010-M,36.0,3531311
G80278-010-S,36.0,3527963
G80278-010-XL,33.0,3531209
G80278-010-XS,36.0,3531280
G80278-020-L,36.0,3528091
G80278-020-M,36.0,3531200
G80278-020-S,36.0,3528200
G80278-020-XL,18.0,3528621
G80278-020-XS,30.0,2820232
G80279-010-2XL,25.0,3531273
G80279-010-L,25.0,3531174
G80279-010-M,25.0,3528742
G80279-010-XL,25.0,3531253
G80279-020-2XL,25.0,3531363
G80279-020-L,25.0,3528212
G80279-020-M,25.0,3531186
G80279-020-XL,25.0,3531169
G80281-030-L,50.0,3991749
G80281-030-M,50.0,3991783
G80281-030-S,50.0,3991745
G80281-030-XL,50.0,3991769
G80281-060-L,50.0,3991760
G80281-060-M,50.0,3991787
G80281-060-XL,50.0,3991737
G80285-020-L,25.0,2811278
G80286-010-M,2.0,3414238
G80286-010-XS,1.0,3280268
G80287-010-L,22.0,3885770
G80287-010-M,24.0,3887130
G80287-010-S,24.0,3885760
G80287-010-XL,22.0,3885838
G80287-030-L,22.0,3884353
G80287-030-M,24.0,3886865
G80287-030-S,24.0,3886721
G80287-030-XL,22.0,3886457
G80287-030-XS,24.0,3886873
G80287-040-M,18.0,3034721
G80287-050-L,15.0,3034628
G80287-050-M,18.0,3034645
G80287-050-S,18.0,3034686
G80287-080-L,22.0,3886450
G80287-080-M,24.0,3886724
G80287-080-S,24.0,3887619
G80287-090-L,22.0,3887770
G80287-090-M,24.0,3887298
G80287-090-S,24.0,3887766
G80287-100-L,22.0,3887306
G80287-100-M,24.0,3885478
G80288-010-2XL,17.0,3887615
G80288-010-L,20.0,3883626
G80288-010-M,20.0,3886559
G80288-010-S,20.0,3885913
G80288-010-XL,17.0,3887807
G80288-020-L,1.0,2741526
G80288-030-2XL,14.0,3033917
G80288-030-L,20.0,3887275
G80288-030-M,20.0,3886091
G80288-030-S,20.0,3886158
G80288-030-XL,17.0,3885907
G80288-040-L,14.0,3034031
G80288-040-M,15.0,3033949
G80288-040-S,15.0,3034001
G80288-040-XL,14.0,3034116
G80288-050-2XL,14.0,3034899
G80288-050-L,14.0,3034708
G80288-050-M,15.0,3034888
G80288-050-XL,14.0,3034911
G80288-060-2XL,14.0,3034835
G80288-060-L,14.0,3034817
G80288-060-M,15.0,3034848
G80288-060-S,15.0,3034716
G80288-060-XL,14.0,3034840
G80288-070-M,1.0,4041203
G80288-070-S,2.0,4041201
G80288-080-L,20.0,3887815
G80288-080-M,20.0,3885325
G80288-080-XL,17.0,3885905
G80288-090-L,20.0,3886705
G80288-090-M,20.0,3886168
G80288-090-S,20.0,3887725
G80288-090-XL,17.0,3887307
G80289-040-M,11.0,2813740
G80290-050-M,13.0,3036640
G80290-050-XL,12.0,3036350
G80290-060-L,12.0,3036630
G80290-060-M,13.0,3036578
G80290-060-S,13.0,3036784
G80290-060-XL,12.0,3036567
G80290-060-XS,13.0,3036652
G80290-080-M,13.0,3036216
G80290-080-S,13.0,3036460
G80291-040-L,9.0,3045804
G80291-040-M,9.0,3045824
G80291-040-S,9.0,3045835
G80292-050-L,20.0,3036726
G80292-050-M,20.0,3036605
G80293-020-M,1.0,3889298
G80293-030-M,7.0,2810395
G80293-030-XL,1.0,3355083
G80293-050-L,5.0,2809764
G80293-050-M,7.0,2817825
G80293-050-XL,3.0,2809392
G80293-060-2XL,11.0,3037154
G80293-060-S,12.0,3036958
G80313-030-M,1.0,2779033
G80316-020-M,1.0,3826742
G80316-020-XL,1.0,3134621
G80316-020-XS,1.0,3827184
G80322-020-L,1.0,2955716
G80327-030-L,12.0,2821301
G80330-030-XL,9.0,2820043
G80330-050-XL,8.0,3809130
G80332-040-XS,1.0,2842787
G80334-060-2XL,8.0,3811990
G80334-060-L,9.0,3811798
G80340-020-L,1.0,3264771
G80340-040-XL,1.0,3023373
G80340-070-M,35.0,3819516
G80340-070-S,35.0,3819596
G80340-100-M,35.0,3819599
G80340-110-L,35.0,3819550
G80340-110-M,35.0,3819969
G80340-110-S,35.0,3819754
G80340-110-XL,35.0,3819875
G80340-120-M,35.0,3819593
G80344-030-M,1.0,3827115
G80344-060-L,22.0,3026757
G80344-070-XL,22.0,3734708
G80344-090-L,22.0,3734803
G80344-090-XL,22.0,3734541
G80344-100-L,22.0,4221013
G80344-100-M,22.0,4221297
G80344-100-XL,22.0,4221014
G80344-110-L,22.0,4221464
G80344-110-M,22.0,4221239
G80344-110-XL,22.0,4221581
G80345-030-M,24.0,3026917
G80345-030-S,24.0,3026929
G80345-030-XS,13.0,2838714
G80345-060-L,24.0,3734714
G80345-060-M,1.0,3950232
G80345-070-M,24.0,3734766
G80345-070-XL,24.0,3734527
G80345-090-L,24.0,4221217
G80345-090-M,24.0,4221306
G80345-090-S,24.0,4221286
G80345-100-L,24.0,4221285
G80345-100-M,24.0,4221134
G80345-100-S,24.0,4220938
G80345-100-XS,24.0,4221299
G80345-130-M,24.0,4221249
G80345-130-S,19.0,4221232
G80346-010-XL,1.0,3457310
G80354-060-S,1.0,3573546
G80355-070-M,1.0,3573550
G80355-080-L,1.0,3280272
G80357-050-S,1.0,3134636
G80357-060-2XL,1.0,3573560
G80357-060-M,1.0,3573497
G80357-060-XL,2.0,3573572
G80359-040-S,1.0,3573537
G80360-020-M,1.0,2955710
G80361-020-M,1.0,3573518
G80364-030-L,1.0,2950762
G80364-030-M,1.0,2961106
G80364-030-S,1.0,2960284
G80364-030-XL,1.0,3677320
G80364-030-XS,1.0,2960139
G80364-040-L,16.0,2856548
G80364-040-M,16.0,2863377
G80364-060-M,12.0,2876314
G80364-060-S,1.0,2963357
G80368-010-L,1.0,3939338
G80369-020-L,43.0,2813580
G80377-020-L,2.0,3414233
G80377-020-S,1.0,3548313
G80377-040-L,40.0,3990725
G80388-010-M,37.0,4082594
G80388-010-S,46.0,4082948
G80390-020-NS,24.0,2857308
G80390-040-NS,24.0,2853777
G80391-020-NS,120.0,2912013
G80400-010-L,30.0,2990018
G80400-010-M,30.0,2989993
G80400-010-S,30.0,2990180
G80400-010-XS,30.0,2990005
G80401-010-L,30.0,2989829
G80401-010-M,30.0,2990169
G80401-010-S,30.0,2990096
G80401-010-XL,30.0,2990107
G80402-040-L,14.0,3808711
G80402-040-M,14.0,3808521
G80402-040-XL,13.0,3808715
G80403-040-L,14.0,3809516
G80403-040-XL,14.0,3809244
G80411-030-130,22.0,3025444
G80411-030-140,22.0,3025219
G80411-030-150,22.0,3025441
G80411-050-140,22.0,3641877
G80411-050-170,20.0,3644773
G80411-060-140,22.0,3644770
G80411-060-170,20.0,3643209
G80411-080-130,22.0,3024814
G80414-020-150,36.0,3642147
G80414-020-160,30.0,3643662
G80414-020-170,30.0,3644492
G80414-050-140,36.0,3644123
G80414-050-150,36.0,3644484
G80414-050-160,30.0,3642141
G80414-050-170,30.0,3641569
G80414-060-150,36.0,3641632
G80414-060-160,30.0,3641460
G80414-060-170,30.0,3641729
G80416-010-L,4.0,4253612
G80416-010-M,4.0,4258881
G80416-010-S,5.0,3651680
G80416-010-XL,3.0,4244723
G80416-010-XS,4.0,4253061
G80416-020-L,4.0,4249084
G80416-020-M,5.0,3285863
G80416-020-S,5.0,3285525
G80416-020-XL,5.0,3285860
G80416-020-XS,5.0,4258887
G80417-010-L,5.0,4247904
G80417-010-M,5.0,4249242
G80417-010-S,5.0,4244414
G80417-010-XL,3.0,4249118
G80417-020-2XL,5.0,3218848
G80417-020-L,4.0,4257088
G80417-020-M,5.0,4256148
G80417-020-S,5.0,4258301
G80417-020-XL,4.0,4247886
G80418-010-L,4.0,3284672
G80418-010-M,4.0,3284677
G80418-010-S,4.0,3284679
G80418-010-XS,4.0,4255968
G80418-030-L,4.0,3214733
G80418-030-M,4.0,3215515
G80418-030-S,4.0,3214729
G80418-030-XS,3.0,4253974
G80422-010-7,1.0,3810740
G80422-010-9,48.0,3220875
G80422-030-7,1.0,3587938
G80423-010-NS,32.0,2911789
G80423-020-NS,32.0,2911710
G80423-030-NS,32.0,2911905
G80423-040-NS,32.0,3741905
G80423-050-NS,32.0,3744946
G80425-010-37/39,30.0,3221218
G80425-010-39/42,30.0,3221233
G80425-010-42/45,30.0,3221222
G80425-020-37/39,30.0,3221106
G80425-020-39/42,30.0,3221107
G80425-020-42/45,30.0,3221119
G80428-010-NS,4.0,3742207
G80429-010-NS,8.0,3745061
G80429-020-NS,8.0,2918280
G80430-010-NS,2.0,3192526
G80432-010-NS,5.0,3197357
G80433-010-NS,14.0,3745161
G80433-020-NS,14.0,2913163
G80434-010-NS,5.0,3196906
G80435-010-L,5.0,3128552
G80435-010-M,6.0,3128437
G80435-010-S,6.0,3128525
G80435-010-XL,5.0,4249601
G80435-010-XS,4.0,4249101
G80435-020-L,5.0,4246762
G80435-020-M,6.0,3128477
G80435-020-S,6.0,3128467
G80435-020-XL,5.0,3128463
G80435-020-XS,6.0,3128392
G80436-020-2XL,5.0,3128207
G80436-020-L,5.0,3128121
G80436-020-M,5.0,3128055
G80436-020-S,4.0,4255074
G80436-020-XL,5.0,3199440
G80436-060-2XL,5.0,4251671
G80436-060-L,5.0,3128037
G80436-060-M,5.0,3128257
G80436-060-S,5.0,3128041
G80436-060-XL,5.0,3128261
G80439-030-L,34.0,3846752
G80439-030-M,34.0,3846668
G80439-030-S,34.0,3846914
G80440-010-XL,31.0,3846747
G80440-030-XL,22.0,3846410
G80441-010-L,34.0,2965524
G80441-010-M,32.0,2965577
G80441-010-S,34.0,2965554
G80441-030-L,32.0,3846679
G80441-030-M,32.0,3846767
G80441-030-S,31.0,3846901
G80442-010-L,30.0,3846578
G80442-010-M,30.0,3846614
G80442-010-XL,30.0,3846894
G80442-030-L,29.0,3846891
G80442-030-M,30.0,3846953
G80445-010-M,1.0,3996924
G80445-020-2XL,10.0,2905654
G80445-020-L,10.0,3950370
G80445-020-M,10.0,3950419
G80445-020-S,10.0,3950383
G80445-020-XL,10.0,3954293
G80445-030-L,10.0,2906587
G80445-030-M,10.0,2906528
G80445-030-XL,10.0,2906149
G80445-050-L,10.0,3007496
G80445-050-M,10.0,3007499
G80445-050-XL,10.0,3007491
G80449-010-L,12.0,2908105
G80449-010-M,12.0,2907928
G80449-010-S,12.0,2908068
G80449-010-XL,12.0,2908122
G80449-010-XS,12.0,2908124
G80449-020-L,12.0,2908138
G80449-020-M,12.0,2907447
G80449-020-S,12.0,3231992
G80449-020-XL,12.0,2906331
G80449-020-XS,12.0,3232028
G80449-040-L,12.0,3007413
G80449-040-M,12.0,3007441
G80449-040-S,12.0,3007443
G80449-040-XL,12.0,3006974
G80449-040-XS,12.0,3007343
G80450-010-M,20.0,3169337
G80450-010-XL,20.0,3169354
G80453-010-XL,20.0,3052922
G80455-020-140,1.0,3311026
G80455-020-170,1.0,3486556
G80455-030-170,1.0,4030983
G80456-030-130,15.0,2989708
G80456-030-140,15.0,2989825
G80456-030-150,15.0,2990190
G80456-030-160,15.0,3334009
G80456-030-170,15.0,3333981
G80456-040-150,15.0,3333960
G80456-040-160,15.0,3333995
G80456-040-170,15.0,3334020
G80456-050-130,15.0,3117027
G80456-050-140,15.0,3116953
G80456-050-150,15.0,3117337
G80456-050-160,15.0,3334001
G80456-050-170,15.0,3334292
G80458-020-M,1.0,3490512
G80458-030-L,1.0,3708544
G80458-030-S,1.0,4010409
G80461-030-L,22.0,3048449
G80461-030-M,20.0,3048495
G80461-030-S,22.0,3048450
G80463-010-L,10.0,3290373
G80463-010-M,10.0,3290330
G80463-010-S,10.0,3290113
G80463-020-L,10.0,3290529
G80463-020-M,10.0,3290669
G80463-020-S,10.0,3290666
G80463-030-L,1.0,4067353
G80463-040-L,1.0,3881586
G80463-040-M,10.0,3290318
G80463-040-S,10.0,3290711
G80464-010-L,8.0,3173907
G80464-010-M,8.0,3173507
G80464-010-S,8.0,3172954
G80464-010-XL,8.0,3172548
G80464-010-XS,8.0,3173898
G80464-030-L,8.0,3173770
G80464-030-M,8.0,3172977
G80464-030-S,8.0,3173935
G80464-030-XL,8.0,3173934
G80464-030-XS,1.0,4251947
G80464-040-L,8.0,3079202
G80464-040-M,8.0,3079670
G80464-040-S,8.0,3079393
G80465-020-L,1.0,4030290
G80465-020-M,1.0,4106098
G80465-020-S,1.0,3789945
G80466-010-L,8.0,3183100
G80466-010-M,8.0,3183126
G80466-010-S,8.0,3183096
G80466-010-XL,8.0,3183041
G80466-020-M,1.0,3583724
G80467-040-L,16.0,3049223
G80467-040-M,16.0,3049237
G80467-040-XL,16.0,3049235
G80469-010-L,10.0,3250313
G80469-010-M,10.0,3250501
G80469-010-S,10.0,3250473
G80469-010-XL,1.0,3902230
G80469-010-XS,10.0,3250482
G80469-020-M,1.0,3869902
G80469-020-XL,1.0,4002341
G80469-020-XS,1.0,3997151
G80469-030-L,2.0,3451665
G80469-030-M,10.0,3250218
G80469-030-S,10.0,3250195
G80469-030-XL,1.0,3688288
G80469-030-XS,1.0,4172132
G80469-040-L,10.0,3250524
G80469-040-M,10.0,3250302
G80469-040-S,10.0,3250021
G80469-040-XL,1.0,4030344
G80470-010-L,6.0,3267441
G80470-010-M,7.0,3267429
G80470-010-S,7.0,3267294
G80470-010-XL,6.0,3267345
G80470-010-XS,8.0,3267436
G80470-030-XL,5.0,4244432
G80470-040-L,6.0,3267169
G80470-040-M,7.0,3267264
G80470-040-S,7.0,3267163
G80471-010-M,1.0,3979983
G80473-020-XS,1.0,4234840
G80473-060-L,11.0,4244932
G80473-060-S,18.0,4244834
G80475-010-L,10.0,3231307
G80475-010-M,10.0,3231368
G80475-010-S,10.0,3231205
G80475-010-XL,10.0,3231323
G80475-010-XS,10.0,3231381
G80475-020-M,10.0,3230927
G80475-020-S,10.0,3230912
G80475-020-XL,10.0,3231373
G80475-030-L,10.0,3231087
G80475-030-M,10.0,3230991
G80475-030-S,10.0,3230989
G80475-030-XL,10.0,3231214
G80475-030-XS,10.0,3231190
G80475-040-L,10.0,3231225
G80475-040-M,10.0,3231210
G80475-040-S,10.0,3231200
G80475-040-XL,10.0,3231160
G80476-030-M,1.0,3534159
G80477-010-L,16.0,3248687
G80477-010-M,16.0,3248682
G80477-010-S,16.0,3248676
G80481-010-L,18.0,3226178
G80481-010-M,17.0,3226298
G80481-020-L,17.0,3226211
G80481-030-M,17.0,3226234
G80485-050-L,1.0,3986015
G80487-010-XL,1.0,4090313
G80488-010-L,20.0,3048611
G80488-010-M,22.0,3048570
G80488-010-S,20.0,3048815
G80488-010-XL,20.0,3048614
G80488-030-L,22.0,3048819
G80488-030-M,22.0,3049350
G80488-030-S,21.0,3048652
G80488-030-XL,20.0,3048646
G80489-010-2XL,8.0,3166734
G80489-010-M,8.0,3065525
G80489-010-S,8.0,3065575
G80489-020-L,8.0,3202845
G80489-020-M,1.0,4030250
G80489-030-L,8.0,3202757
G80489-030-M,8.0,3202847
G80489-030-XL,8.0,3202848
G80490-060-L,18.0,4244931
G80490-060-M,18.0,4244799
G80493-010-L,12.0,3237643
G80493-010-M,12.0,3237532
G80493-010-S,12.0,3237570
G80493-010-XL,12.0,3237768
G80493-050-L,1.0,4272058
G80494-010-L,7.0,3542803
G80494-010-M,8.0,3542911
G80494-020-L,8.0,3232552
G80494-020-M,8.0,3232466
G80494-020-S,8.0,3232515
G80494-020-XL,8.0,3232508
G80494-030-L,8.0,3542555
G80494-030-M,8.0,3459342
G80494-030-XL,8.0,3459352
G80496-010-L,1.0,3926933
G80497-020-L,11.0,3052003
G80497-020-M,11.0,3052034
G80497-020-S,12.0,3052222
G80497-020-XL,10.0,3052226
G80498-010-L,13.0,3051512
G80498-010-XL,13.0,3051424
G80498-020-L,13.0,3051523
G80498-020-M,14.0,3051395
G80498-020-XL,13.0,3051534
G80499-010-S,1.0,3919916
G80499-030-S,5.0,4249621
G80500-010-L,10.0,3228225
G80500-010-M,10.0,3228256
G80500-010-S,10.0,3228084
G80500-010-XL,10.0,3228251
G80500-030-L,10.0,3228025
G80500-030-M,1.0,4183851
G80500-030-XL,10.0,3228051
G80501-010-XS,1.0,3605388
G80501-020-L,14.0,3051556
G80501-020-M,14.0,3051580
G80501-020-S,15.0,3051355
G80501-020-XL,1.0,3945852
G80501-020-XS,15.0,3051290
G80502-010-L,10.0,3228782
G80502-010-M,10.0,3228824
G80502-010-S,10.0,3228838
G80502-010-XL,10.0,3228849
G80502-020-L,10.0,3370876
G80502-020-M,10.0,3371434
G80502-020-S,10.0,3371885
G80502-020-XL,10.0,3371414
G80502-030-L,10.0,3228649
G80502-030-M,10.0,3228872
G80502-030-XL,10.0,3228725
G80502-040-L,1.0,4098325
G80502-050-L,10.0,4283849
G80502-050-M,5.0,4283805
G80502-060-L,10.0,4283831
G80502-060-M,10.0,4283811
G80502-060-S,10.0,4283824
G80502-060-XL,10.0,4283784
G80503-010-2XL,15.0,3293132
G80503-010-L,17.0,3294192
G80503-010-M,17.0,3294275
G80503-010-S,17.0,3294140
G80503-010-XL,16.0,3294037
G80503-020-2XL,15.0,2924974
G80503-020-XL,16.0,3214817
G80503-030-2XL,15.0,3215168
G80503-030-L,16.0,3294164
G80503-030-M,1.0,4123479
G80503-040-2XL,15.0,3215008
G80503-040-L,17.0,3215057
G80503-040-M,17.0,3214854
G80503-040-S,17.0,3215012
G80503-040-XL,16.0,3215046
G80503-050-M,17.0,3215264
G80503-050-S,17.0,3215411
G80503-050-XL,16.0,3215441
G80504-030-M,1.0,4098339
G80505-010-L,1.0,3892270
G80505-010-M,11.0,3296015
G80505-010-S,11.0,3296183
G80505-010-XL,10.0,3295939
G80505-020-L,11.0,3295501
G80505-020-M,11.0,3294797
G80505-020-S,11.0,3295824
G80505-020-XL,10.0,3295479
G80505-030-L,11.0,3295144
G80505-030-M,11.0,3295075
G80505-030-S,11.0,3295121
G80505-030-XL,10.0,3294786
G80505-040-L,11.0,3295171
G80505-040-M,11.0,3295168
G80505-040-S,11.0,3295086
G80505-040-XL,10.0,3295180
G80505-050-M,1.0,4040385
G80505-050-S,12.0,3286302
G80505-060-M,1.0,4067358
G80505-060-S,11.0,3286153
G80505-060-XL,1.0,4296530
G80506-020-XS,10.0,3066119
G80506-030-M,10.0,3065945
G80506-030-S,10.0,3066054
G80507-010-L,10.0,3042980
G80507-010-M,10.0,3042935
G80507-020-2XL,10.0,3042936
G80507-020-M,1.0,3972545
G80507-020-XL,10.0,3042883
G80508-020-S,13.0,3294160
G80508-040-M,1.0,3939343
G80509-010-S,1.0,3610885
G80509-030-M,1.0,4108705
G80509-030-S,1.0,4038195
G80510-020-M,15.0,3065986
G80510-020-S,15.0,3065987
G80510-020-XS,15.0,3065992
G80510-030-M,15.0,3065958
G80510-030-S,15.0,3065988
G80510-030-XS,15.0,3065785
G80511-010-L,10.0,3314035
G80511-010-M,10.0,3314098
G80511-010-S,10.0,3314567
G80511-020-M,1.0,3829521
G80511-030-L,10.0,3224290
G80511-030-M,10.0,3223921
G80511-030-S,10.0,3224090
G80511-040-M,10.0,3314001
G80511-050-L,10.0,4283845
G80511-050-M,10.0,4283850
G80511-050-S,10.0,4283854
G80511-060-L,10.0,4283865
G80511-060-M,10.0,4283844
G80511-060-S,10.0,4283833
G80512-010-L,10.0,3369973
G80512-010-M,10.0,3370129
G80512-010-S,10.0,3370039
G80512-010-XL,10.0,3370061
G80512-010-XS,1.0,3468917
G80512-020-M,10.0,3224169
G80512-020-XL,10.0,3224788
G80512-030-L,10.0,3134537
G80512-030-M,10.0,3224500
G80512-030-XL,10.0,3134538
G80513-030-M,1.0,4172982
G80515-010-M,12.0,3052304
G80515-010-S,12.0,3052379
G80515-020-L,11.0,3052380
G80515-020-M,12.0,3052284
G80515-020-S,12.0,3052353
G80515-020-XL,11.0,3052305
G80515-020-XS,12.0,3052259
G80517-020-L,11.0,3059681
G80517-020-M,12.0,3059706
G80517-020-S,12.0,3059647
G80518-010-L,10.0,3213989
G80519-010-L,16.0,2920653
G80519-010-M,16.0,3202975
G80519-010-S,16.0,3202801
G80519-010-XL,16.0,3159774
G80519-010-XS,16.0,3202821
G80519-020-L,16.0,3159845
G80519-020-M,16.0,3115486
G80519-020-S,16.0,3115608
G80519-020-XL,16.0,3159762
G80519-020-XS,16.0,3115694
G80519-030-L,16.0,3115747
G80519-030-M,16.0,3115749
G80519-030-S,16.0,3115763
G80519-030-XL,16.0,3115465
G80519-040-L,16.0,3202778
G80519-040-M,16.0,3202877
G80519-040-S,16.0,3115290
G80519-040-XL,16.0,3159815
G80519-040-XS,16.0,3114968
G80519-050-L,2.0,3248195
G80519-050-M,16.0,3202979
G80519-050-S,16.0,3202803
G80521-010-L,9.0,3288612
G80521-010-M,10.0,3289097
G80521-010-S,10.0,3289492
G80521-010-XS,10.0,3288972
G80521-020-L,9.0,3289014
G80521-020-M,10.0,3289016
G80521-020-S,10.0,3289031
G80521-020-XL,9.0,3288669
G80521-020-XS,10.0,3289125
G80521-030-L,9.0,3263911
G80521-030-M,10.0,3212207
G80521-030-S,10.0,3212089
G80521-030-XL,9.0,3211712
G80521-030-XS,10.0,3211950
G80521-040-L,9.0,3212045
G80521-040-M,10.0,3212133
G80521-040-S,10.0,3211624
G80521-040-XL,9.0,3211696
G80521-050-S,1.0,4282105
G80521-060-L,9.0,3288865
G80521-060-M,10.0,3288311
G80521-060-S,10.0,3288811
G80521-060-XL,9.0,3288860
G80521-060-XS,10.0,3288393
G80522-010-160,1.0,3827243
G80522-020-150,20.0,3232006
G80522-020-160,20.0,3114707
G80522-030-130,20.0,2989610
G80522-030-140,20.0,2989964
G80522-040-150,20.0,3114905
G80522-040-160,20.0,3115009
G80522-040-170,20.0,3115303
G80523-010-L,6.0,3858645
G80523-010-M,6.0,3858650
G80523-010-XL,6.0,3858673
G80523-020-L,1.0,3946132
G80523-030-2XL,6.0,3603464
G80523-030-L,6.0,3603623
G80523-030-M,6.0,3647640
G80523-030-S,6.0,3591581
G80523-030-XL,6.0,3647658
G80523-050-L,5.0,4245287
G80523-050-M,4.0,4244369
G80525-020-L,6.0,3543019
G80525-020-M,6.0,4247993
G80525-020-S,6.0,3590531
G80525-020-XL,6.0,3647197
G80525-020-XS,6.0,3647201
G80525-030-L,1.0,3835065
G80525-050-L,1.0,3545393
G80526-010-2XL,6.0,3266764
G80526-010-L,6.0,3266723
G80526-010-M,6.0,3266763
G80526-010-S,6.0,3266661
G80526-010-XL,6.0,3266741
G80526-020-2XL,6.0,4256137
G80526-020-L,15.0,3227822
G80526-020-M,15.0,3227811
G80526-020-S,6.0,4255962
G80526-030-2XL,15.0,3229350
G80526-030-L,15.0,3229392
G80526-030-M,15.0,3229346
G80526-030-S,15.0,3151675
G80526-050-2XL,6.0,3210614
G80526-050-L,6.0,3210731
G80526-050-M,6.0,3210700
G80526-050-S,6.0,3210618
G80527-010-L,15.0,3151135
G80527-010-M,15.0,3150936
G80527-010-S,15.0,3151224
G80527-010-XS,15.0,3151232
G80527-020-L,15.0,3133360
G80527-020-M,15.0,3133356
G80527-020-S,15.0,3132980
G80527-020-XL,15.0,3132937
G80527-020-XS,15.0,3065950
G80527-030-M,15.0,3151991
G80527-030-S,15.0,3151661
G80528-020-140,12.0,3065351
G80528-020-150,12.0,3065493
G80528-020-160,12.0,3065492
G80528-020-170,12.0,3065687
G80528-030-150,1.0,3700435
G80528-030-160,12.0,3390223
G80528-030-170,12.0,3390296
G80528-040-130,12.0,3065498
G80528-040-140,12.0,3065616
G80528-040-150,12.0,3390071
G80528-040-160,12.0,3390540
G80528-040-170,12.0,3390287
G80529-020-L,1.0,3865780
G80547-010-L,1.0,3749034
G80548-010-XL,1.0,4172788
G80549-010-L,12.0,3059441
G80549-010-M,12.0,3059035
G80549-010-S,13.0,3058919
G80549-010-XL,11.0,3059561
G80549-010-XS,13.0,3058951
G80549-020-L,12.0,3059537
G80549-020-M,12.0,3059508
G80549-020-S,13.0,3059383
G80549-020-XL,11.0,3059410
G80549-030-L,12.0,3059411
G80549-030-M,12.0,3059506
G80549-030-S,13.0,3059378
G80550-010-L,5.0,3238832
G80550-010-M,5.0,3239176
G80550-010-S,5.0,3239481
G80550-010-XL,5.0,3238943
G80550-010-XS,5.0,3239471
G80550-020-L,5.0,3118141
G80550-020-M,5.0,3118181
G80550-020-S,5.0,3118007
G80550-020-XL,5.0,3079679
G80550-020-XS,5.0,3079677
G80550-030-S,1.0,3829617
G80550-030-XL,5.0,3118130
G80551-010-L,6.0,3117646
G80551-010-M,6.0,3117536
G80551-010-S,6.0,3117594
G80551-010-XS,4.0,3202692
G80551-040-L,6.0,3179382
G80551-040-M,6.0,3117627
G80551-040-S,6.0,3117624
G80551-040-XL,1.0,3418512
G80558-010-M,7.0,2861059
G80559-040-L,1.0,3747144
G80560-030-2XL,7.0,3042240
G80560-030-L,7.0,3042668
G80560-030-XL,7.0,3041858
G80561-030-2XL,6.0,3161068
G80561-030-L,6.0,3161258
G80561-030-M,6.0,3161188
G80561-030-S,6.0,3161251
G80561-030-XL,6.0,3161120
G80561-040-L,6.0,3158010
G80561-040-M,6.0,3158165
G80561-040-S,6.0,3158189
G80561-040-XL,6.0,3158049
G80563-020-L,25.0,3222032
G80563-020-M,25.0,3222053
G80563-020-S,26.0,3222323
G80564-010-2XL,11.0,3051042
G80564-010-L,12.0,3051430
G80564-010-M,12.0,3051677
G80564-010-XL,11.0,3051432
G80564-020-2XL,11.0,3051884
G80564-020-L,12.0,3051590
G80564-020-M,12.0,3051418
G80564-020-S,13.0,3051776
G80564-020-XL,11.0,3051597
G80564-030-2XL,11.0,3051040
G80564-030-L,12.0,3051702
G80564-030-M,12.0,3051694
G80564-030-S,13.0,3051657
G80564-030-XL,11.0,3051711
G80567-010-OSFA,140.0,3613727
G80568-020-M,1.0,4282106
G80568-030-M,16.0,3249052
G80569-010-L,1.0,3986054
G80570-010-L,30.0,3083580
G80570-010-M,30.0,3083382
G80570-020-L,30.0,3083153
G80570-020-M,30.0,3083679
G80570-020-XL,30.0,3083350
G80572-010-L,18.0,3190520
G80572-010-M,18.0,3190171
G80572-010-S,18.0,3753835
G80572-010-XL,18.0,3261210
G80572-010-XS,18.0,3002052
G80572-020-L,18.0,3819457
G80572-020-M,20.0,3819055
G80572-020-S,20.0,3820160
G80572-020-XL,18.0,3820152
G80572-020-XS,20.0,3819456
G80572-030-L,18.0,3002191
G80572-030-M,18.0,3214585
G80572-030-S,18.0,3002285
G80572-030-XL,18.0,3002329
G80572-040-M,18.0,3002289
G80572-040-S,18.0,3002276
G80572-050-XL,18.0,3261142
G80572-070-M,18.0,3753266
G80572-080-L,18.0,3753524
G80572-080-M,18.0,3753389
G80572-080-S,18.0,3753520
G80572-090-L,20.0,4294228
G80572-090-M,20.0,4293666
G80572-090-S,20.0,4294266
G80572-090-XL,20.0,4294209
G80572-090-XS,20.0,4294236
G80572-100-M,18.0,3754162
G80572-100-S,18.0,3754155
G80573-010-2XL,18.0,3601961
G80573-010-L,18.0,3751486
G80573-010-M,18.0,3602441
G80573-010-S,18.0,3602230
G80573-010-XL,18.0,3602439
G80573-010-XS,18.0,3752164
G80573-020-2XL,18.0,2998666
G80573-020-L,18.0,4292020
G80573-020-M,18.0,4292018
G80573-020-XL,18.0,3751459
G80573-020-XS,18.0,3602697
G80573-030-2XL,18.0,4290801
G80573-030-L,18.0,3751161
G80573-030-M,18.0,3602152
G80573-030-S,18.0,4291425
G80573-030-XL,18.0,4290678
G80573-030-XS,18.0,3167812
G80573-040-2XL,18.0,3016085
G80573-040-L,18.0,2999373
G80573-040-M,18.0,2998765
G80573-040-XL,18.0,2999481
G80573-050-2XL,18.0,3016062
G80573-050-L,18.0,2998793
G80573-050-M,18.0,2998662
G80573-050-XL,18.0,2998654
G80573-060-2XL,18.0,3001559
G80573-060-L,18.0,3001335
G80573-060-M,18.0,3001345
G80573-060-S,18.0,3000894
G80573-060-XL,18.0,3001441
G80573-070-2XL,18.0,2998882
G80573-070-L,18.0,2998677
G80573-070-M,18.0,2998783
G80573-070-XL,18.0,2998598
G80573-080-2XL,18.0,2998190
G80573-080-L,18.0,2998809
G80573-080-M,18.0,2999389
G80573-080-XL,18.0,2998979
G80573-090-M,1.0,3946073
G80573-100-2XL,18.0,2994825
G80573-100-L,18.0,3016229
G80573-100-M,18.0,3015686
G80573-100-S,18.0,3016244
G80573-100-XL,18.0,3016092
G80573-110-L,18.0,3752051
G80573-110-M,18.0,3752045
G80573-110-XL,18.0,3752153
G80573-140-2XL,18.0,3602217
G80573-150-2XL,18.0,4151208
G80573-150-L,18.0,4151120
G80573-150-M,18.0,4151094
G80573-150-S,18.0,4151126
G80573-150-XL,18.0,4151105
G80573-160-L,18.0,3750307
G80573-160-M,18.0,3750400
G80573-160-XL,18.0,3750465
G80574-010-2XS,18.0,3750707
G80574-010-L,20.0,4293638
G80574-010-M,20.0,4293563
G80574-010-S,20.0,4293510
G80574-010-XL,20.0,4294397
G80574-010-XS,18.0,3752017
G80574-030-2XS,18.0,2994914
G80574-030-L,20.0,4294331
G80574-030-M,20.0,4293221
G80574-030-S,20.0,4294526
G80574-030-XL,20.0,4293632
G80574-030-XS,20.0,4294345
G80574-040-M,18.0,3003360
G80574-040-S,18.0,3013022
G80574-050-M,11.0,3059877
G80574-050-S,18.0,3000190
G80574-070-M,1.0,4205656
G80574-070-S,1.0,4205675
G80574-070-XL,18.0,3003290
G80574-080-2XS,18.0,3503369
G80574-080-L,20.0,3846628
G80574-080-M,20.0,3846505
G80574-080-S,20.0,3846621
G80574-080-XL,20.0,4293843
G80574-080-XS,20.0,4293261
G80574-100-L,18.0,3190523
G80574-100-M,18.0,3003222
G80574-100-S,18.0,3190525
G80574-110-S,1.0,3778703
G80574-120-L,18.0,3503404
G80574-120-M,18.0,3504447
G80574-120-S,18.0,3504438
G80574-150-L,20.0,3846900
G80574-150-M,20.0,3846643
G80574-150-S,20.0,3846471
G80574-160-2XS,18.0,3754631
G80574-160-M,20.0,3846637
G80574-180-L,20.0,4293372
G80574-180-M,20.0,4294315
G80574-180-S,20.0,4294253
G80574-180-XL,20.0,4293347
G80574-180-XS,20.0,4294310
G80575-010-2XL,18.0,4150387
G80575-010-L,18.0,4150289
G80575-010-M,18.0,4150301
G80575-010-S,18.0,4299610
G80575-010-XL,18.0,4299220
G80575-020-2XL,14.0,3261147
G80575-020-L,18.0,3261174
G80575-020-M,18.0,3129643
G80575-020-S,18.0,3129637
G80575-020-XL,18.0,3214959
G80575-030-2XL,18.0,4299806
G80575-030-L,18.0,4299779
G80575-030-M,18.0,4299532
G80575-030-S,18.0,4299813
G80575-030-XL,18.0,4299754
G80575-040-M,1.0,4061217
G80575-050-2XL,18.0,3000036
G80575-050-L,18.0,2999991
G80575-050-M,18.0,2999987
G80575-050-XL,18.0,2999992
G80575-060-M,1.0,3766280
G80575-070-L,18.0,3753747
G80575-070-M,18.0,3752986
G80575-070-XL,18.0,3753345
G80575-080-L,18.0,3754285
G80576-010-L,30.0,3083353
G80576-010-M,30.0,3083082
G80576-020-L,30.0,3083712
G80578-010-150,22.0,3113828
G80578-010-160,22.0,3754139
G80578-030-140,24.0,3113654
G80578-030-150,22.0,3754508
G80578-030-160,22.0,3754200
G80578-040-170,22.0,3113789
G80578-050-160,22.0,3754144
G80578-050-170,22.0,3754146
G80579-010-140,35.0,3083347
G80579-010-160,35.0,3083688
G80579-010-170,35.0,3083676
G80582-010-NS,20.0,3094997
G80583-020-L,11.0,3035671
G80583-020-M,12.0,3035736
G80583-030-L,11.0,3035440
G80583-030-M,12.0,3035238
G80583-030-S,12.0,3035667
G80583-040-L,11.0,3035664
G80583-040-M,12.0,3035246
G80583-040-S,12.0,3035668
G80584-020-L,10.0,3039281
G80584-020-M,11.0,3039264
G80586-010-L,8.0,3037121
G80586-010-M,9.0,3036821
G80586-010-XL,8.0,3036980
G80586-020-S,1.0,3914160
G80591-010-M,1.0,4260522
G80597-010-L,24.0,3021188
G80597-010-M,24.0,3020772
G80597-010-XL,20.0,3021639
G80598-010-2XL,16.0,3021303
G80598-010-L,16.0,3021398
G80598-010-M,18.0,3022322
G80598-010-S,18.0,3021832
G80598-010-XL,16.0,3021328
G80598-020-L,16.0,3021905
G80609-010-L,80.0,3187151
G80609-010-M,80.0,3186964
G80609-010-S,80.0,3187153
G80610-010-M,12.0,3178212
G80610-010-S,12.0,3178460
G80613-020-M,12.0,3375266
G80614-020-L,7.0,3037053
G80614-020-M,8.0,3037351
G80615-010-L,8.0,3166140
G80615-010-M,8.0,3037262
G80615-020-XL,8.0,3037240
G80618-010-2XL,13.0,3021415
G80618-010-L,14.0,3022013
G80618-010-M,16.0,3022211
G80618-010-S,16.0,3021901
G80618-010-XL,14.0,3021326
G80619-010-2XL,18.0,3022298
G80619-010-L,20.0,3022275
G80619-010-M,22.0,3021601
G80619-010-XL,20.0,3022265
G80620-010-S,4.0,4247305
G80620-020-2XL,3.0,3222288
G80620-020-L,1.0,4022593
G80620-020-S,3.0,4244660
G80620-020-XL,3.0,4247392
G80630-020-S,18.0,3062668
G80630-090-S,18.0,3062427
G80630-120-M,16.0,3640778
G80632-040-S,44.0,3021781
G80633-030-2XL,14.0,3098746
G80633-030-XL,14.0,3098751
G80633-100-2XL,16.0,3640341
G80633-100-XL,14.0,3640478
G80636-010-S,60.0,3644589
G80636-010-XS,60.0,3643918
G80636-080-S,50.0,3021006
G80636-090-S,50.0,3021573
G80636-100-S,60.0,3644180
G80636-100-XS,60.0,3643811
G80636-110-S,60.0,3643365
G80636-110-XS,60.0,3643531
G80646-010-L,11.0,3048232
G80646-010-M,11.0,3047313
G80646-010-S,11.0,3047640
G80646-010-XL,10.0,3047806
G80646-020-L,11.0,3047398
G80646-020-M,11.0,3048195
G80646-020-XL,10.0,3047626
G80650-010-L,12.0,3173476
G80650-010-M,12.0,3173393
G80650-010-S,12.0,3173110
G80650-010-XL,12.0,3173477
G80650-020-L,12.0,3173699
G80650-020-M,12.0,3173691
G80653-010-L,14.0,3021531
G80653-010-M,16.0,3022031
G80653-010-S,18.0,3021924
G80653-020-L,14.0,3022250
G80653-020-M,16.0,3022178
G80653-020-S,18.0,3021668
G80654-010-L,14.0,3020786
G80654-010-M,16.0,3020902
G80654-010-S,18.0,3020919
G80655-010-2XL,9.0,4264729
G80655-010-L,10.0,3333690
G80655-010-M,3.0,4229671
G80655-010-S,3.0,4227795
G80655-010-XL,10.0,3333186
G80655-020-2XL,7.0,3180938
G80656-010-140,10.0,3367634
G80657-010-L,10.0,3213115
G80657-010-M,10.0,3213111
G80657-010-S,10.0,3375048
G80657-010-XL,10.0,3213278
G80657-010-XS,10.0,3375067
G80659-010-L,14.0,3019979
G80659-010-M,14.0,3019926
G80659-010-S,14.0,3155776
G80659-010-XL,12.0,3155755
G80659-020-L,14.0,3155791
G80659-020-M,14.0,3155800
G80660-010-M,22.0,3027746
G80660-010-S,22.0,3027787
G80660-020-M,22.0,3027800
G80664-010-L,35.0,3736596
G80664-010-M,35.0,3736599
G80664-010-S,35.0,3791333
G80664-020-L,35.0,3791214
G80664-020-M,35.0,3791230
G80664-020-S,35.0,3791135
G80666-010-L,25.0,3604970
G80666-010-M,25.0,3605021
G80666-010-S,25.0,3604690
G80666-010-XS,25.0,3605085
G80671-020-L,35.0,3791056
G80671-020-M,35.0,3791059
G80671-030-L,35.0,3604829
G80671-030-M,35.0,3604801
G80671-030-XL,35.0,3604123
G80681-010-L,23.0,3720980
G80682-010-L,14.0,3720723
G80682-010-M,16.0,3720777
G80682-010-XL,18.0,3720952
G80682-020-L,14.0,3720973
G80682-020-XL,14.0,3720968
G80694-020-M,16.0,3721012
G80694-020-S,18.0,3720839
G80694-030-L,16.0,3720941
G80694-030-M,16.0,3720978
G80694-030-S,18.0,3720942
G80698-030-L,24.0,3720805
G80698-030-M,24.0,3720814
G80703-020-NS,14.0,3742019
G80703-030-NS,14.0,3744963
G80703-060-NS,14.0,3744174
G80704-020-NS,12.0,3747584
G80704-030-NS,12.0,3747757
G80704-060-NS,12.0,3746858
G80705-010-NS,8.0,3747549
G80705-020-NS,8.0,3747170
G80707-010-L,45.0,3922089
G80707-010-M,45.0,3921930
G80715-040-M,20.0,4151949
G80715-040-S,20.0,4151980
G80716-020-L,20.0,4151991
G80716-020-M,20.0,4151985
G80716-020-XL,19.0,4152168
G80717-010-L,16.0,4133331
G80717-010-M,18.0,4132879
G80717-010-S,18.0,4132022
G80717-020-L,16.0,4133325
G80717-030-L,16.0,4132889
G80717-030-M,18.0,4132070
G80717-030-S,18.0,4132891
G80721-010-L,22.0,3950926
G80721-010-M,22.0,3950920
G80721-010-XL,20.0,3950981
G80721-020-2XL,20.0,3950951
G80721-020-L,22.0,3950984
G80721-020-M,22.0,3950610
G80721-020-XL,20.0,3950605
G80721-030-2XL,20.0,3950660
G80721-030-L,22.0,3950646
G80721-030-M,22.0,3950955
G80721-030-S,22.0,3950931
G80721-030-XL,20.0,3950960
G80721-040-2XL,20.0,3950674
G80721-040-L,22.0,3950966
G80721-040-M,22.0,3950969
G80721-040-XL,20.0,3950226
G80722-020-32,60.0,3954411
G80722-020-34,60.0,3953280
G80723-010-2XL,36.0,3940814
G80723-010-L,36.0,3941705
G80723-010-M,36.0,3941654
G80723-010-S,36.0,3940854
G80723-010-XL,36.0,3940799
G80723-020-2XL,36.0,3940821
G80723-020-L,36.0,3941161
G80723-020-M,36.0,3941123
G80723-020-S,36.0,3941422
G80723-020-XL,36.0,3940943
G80723-030-2XL,36.0,3940452
G80723-030-L,36.0,3940540
G80723-030-M,36.0,3940431
G80723-030-S,22.0,3940648
G80723-030-XL,36.0,3940420
G80723-040-2XL,36.0,3940442
G80723-040-L,36.0,3940508
G80723-040-M,36.0,3940513
G80723-050-2XL,36.0,3941143
G80723-050-L,36.0,3940946
G80723-050-M,36.0,3940950
G80723-050-XL,36.0,3941116
G80725-020-L,30.0,3868536
G80725-030-L,30.0,3868564
G80727-010-27,1.0,4049830
G80727-010-28,47.0,3922132
G80727-020-27,50.0,3922120
G80727-020-28,50.0,3922140
G80727-020-29,50.0,3922119
G80728-020-L,30.0,3978232
G80728-020-M,30.0,3978231
G80728-020-XL,27.0,3978266
G80729-010-L,45.0,3977884
G80729-010-XL,45.0,3977844
G80730-020-L,33.0,3978046
G80731-010-M,30.0,3978317
G80744-010-2XL,12.0,3652673
G80744-010-L,12.0,3652885
G80744-010-M,12.0,3652658
G80744-010-S,12.0,3653941
G80744-010-XL,12.0,3653550
G80744-020-2XL,12.0,3653942
G80744-020-L,12.0,3653909
G80744-020-M,12.0,3653856
G80744-020-XL,12.0,3652079
G80744-040-2XL,3.0,3654035
G80744-040-L,12.0,3652095
G80744-040-M,12.0,3652065
G80744-040-XL,12.0,3653691
G80747-010-L,12.0,3652867
G80747-010-M,12.0,3652990
G80747-010-S,12.0,3652680
G80747-010-XL,12.0,3652929
G80747-010-XS,12.0,3652922
G80752-020-L,1.0,4094296
G80764-010-170,22.0,3026113
G80777-010-NS,48.0,3741841
G80777-020-NS,48.0,2912486
G80777-040-NS,48.0,3742391
G80777-050-NS,48.0,3744913
G80778-010-NS,34.0,2917641
G80778-020-NS,34.0,2917613
G80778-030-NS,34.0,2917753
G80778-040-NS,34.0,3744933
G80778-050-NS,34.0,3742251
G80779-010-NS,60.0,2912502
G80780-010-NS,24.0,3747507
G80780-020-NS,24.0,2965239
G80780-040-NS,24.0,2965205
G80780-050-NS,24.0,3747042
G80780-060-NS,24.0,3747188
G80780-080-NS,24.0,3747406
G80781-010-S/M,75.0,4082633
G80786-020-S,1.0,2913630
G80786-020-XS,1.0,3777131
G80787-020-S,1.0,2867039
G80787-030-M,1.0,3158293
G80787-040-M,1.0,3931134
G80796-010-L,40.0,4262992
G80796-010-M,40.0,4263294
G80796-010-S,40.0,4263024
G80796-010-XL,40.0,4263452
G80796-020-L,40.0,4263028
G80796-020-M,40.0,4263042
G80796-020-S,40.0,4263394
G80796-020-XL,40.0,4263361
G80802-010-L,10.0,4005955
G80802-010-M,10.0,4006040
G80802-010-S,20.0,3785056
G80802-020-L,20.0,3785103
G80802-020-M,21.0,3785069
G80802-020-S,20.0,3785089
G80802-030-L,20.0,3784991
G80802-030-M,20.0,3785081
G80802-030-S,20.0,3785086
G80803-010-L,10.0,3859454
G80803-010-M,10.0,3859463
G80803-010-XL,10.0,3859440
G80803-020-2XL,10.0,3858922
G80803-020-L,10.0,3858951
G80803-020-M,10.0,3859189
G80803-020-XL,10.0,3858912
G80803-030-L,10.0,4006042
G80803-030-M,10.0,4006041
G80805-010-L,12.0,3811478
G80805-010-M,14.0,3811527
G80805-010-XL,12.0,3811483
G80805-020-L,12.0,3812109
G80805-020-M,14.0,3811853
G80805-020-S,14.0,3811857
G80805-020-XL,12.0,3812114
G80805-020-XS,10.0,3812078
G80805-030-L,12.0,3811392
G80805-030-M,14.0,3811401
G80805-030-XL,12.0,3812095
G80806-010-M,11.0,3811711
G80806-010-S,11.0,3811716
G80806-020-L,10.0,3812273
G80806-020-M,11.0,3811732
G80806-020-S,11.0,3812060
G80806-020-XL,10.0,3811636
G80806-020-XS,11.0,3811555
G80806-030-L,10.0,3811296
G80806-030-M,11.0,3812039
G80806-030-S,11.0,3811067
G80806-030-XL,10.0,3811928
G80806-030-XS,11.0,3812405
G80807-010-L,19.0,3808665
G80807-010-M,20.0,3808671
G80807-010-XL,19.0,3702097
G80807-030-L,19.0,3809030
G80807-030-M,20.0,3809112
G80807-030-S,20.0,3809491
G80807-030-XL,19.0,3809499
G80807-030-XS,17.0,3809494
G80812-030-S,55.0,3869389
G80813-020-M,36.0,3869388
G80813-030-L,36.0,3868977
G80813-030-M,36.0,3868990
G80813-030-S,36.0,3869371
G80813-030-XL,26.0,3868882
G80827-020-S,45.0,3951085
G80827-020-XS,20.0,3951186
G80832-020-L,70.0,3932031
G80833-030-M,55.0,3885448
G80833-030-S,55.0,3885432
G80833-040-M,55.0,3885440
G80833-040-S,55.0,3883485
G80834-020-L,45.0,3883657
G80834-020-M,45.0,3887292
G80834-020-XL,40.0,3885296
G80834-030-L,45.0,3885294
G80834-030-M,45.0,3887295
G80834-030-XL,40.0,3887294
G80834-040-L,45.0,3885941
G80834-040-M,45.0,3887290
G80834-040-XL,40.0,3885916
G80838-020-M,32.0,3648219
G80839-020-M,60.0,3868838
G80839-020-S,60.0,3868493
G80841-100-6,36.0,3186500
G80841-100-7,36.0,3187498
G80841-100-8,36.0,3187349
G80841-100-9,36.0,3186441
G80841-110-6,36.0,3187454
G80841-110-7,16.0,3389422
G80841-110-9,36.0,3389623
G80842-080-9,36.0,3171113
G80842-090-10,36.0,3187621
G80842-090-6,1.0,4263251
G80842-090-7,1.0,4010386
G80842-090-8,36.0,3186540
G80842-090-9,36.0,3187280
G80842-100-8,36.0,3171279
G80842-100-9,36.0,3171134
G80843-020-L,50.0,3648161
G80843-020-M,50.0,3647188
G80843-050-L,50.0,3647180
G80844-010-M,1.0,4258846
G80844-010-S,55.0,3868928
G80845-010-L,19.0,3774792
G80845-020-L,19.0,3774766
G80845-020-M,20.0,3774929
G80845-020-XL,12.0,3774930
G80845-030-L,19.0,3774843
G80846-010-2XL,22.0,3732553
G80846-010-L,24.0,3732538
G80846-010-M,24.0,3732549
G80846-010-XL,22.0,3732552
G80846-020-2XL,22.0,3564232
G80846-020-L,24.0,3564440
G80846-020-M,24.0,3564268
G80846-020-S,24.0,3564397
G80846-020-XL,22.0,3564280
G80847-010-L,24.0,3732804
G80847-010-M,24.0,3732602
G80847-010-S,24.0,3732811
G80847-010-XL,22.0,3732600
G80847-010-XS,24.0,3732805
G80847-020-L,24.0,3564302
G80847-020-M,24.0,3044775
G80847-020-S,24.0,3564333
G80847-020-XL,22.0,3564400
G80847-020-XS,24.0,3564258
G80848-010-L,17.0,3646129
G80848-010-M,17.0,3646339
G80848-010-S,17.0,3646080
G80849-010-L,21.0,3646321
G80849-010-M,21.0,3645980
G80849-010-S,20.0,3646391
G80849-010-XL,21.0,3646142
G80851-010-L,19.0,3812121
G80851-010-M,20.0,3812229
G80851-020-2XL,18.0,3812360
G80851-020-L,19.0,3811646
G80851-020-M,20.0,3812071
G80851-020-XL,19.0,3812371
G80851-030-2XL,18.0,3811909
G80851-030-L,19.0,3701948
G80851-030-S,20.0,3811223
G80851-030-XL,19.0,3811808
G80852-010-2XL,12.0,3809657
G80852-010-L,13.0,3808339
G80852-010-M,13.0,3808986
G80852-010-S,13.0,3808618
G80852-010-XL,12.0,3809416
G80852-020-L,13.0,3809481
G80852-020-M,13.0,3808591
G80852-020-S,13.0,3809218
G80852-020-XL,12.0,3809429
G80852-030-2XL,9.0,3809678
G80852-030-L,13.0,3808785
G80852-030-M,13.0,3809447
G80852-030-S,13.0,3808129
G80852-030-XL,12.0,3809648
G80852-040-2XL,12.0,3808983
G80852-040-L,13.0,3808133
G80852-040-M,13.0,3808762
G80852-040-S,13.0,3808746
G80852-040-XL,12.0,3808155
G80855-010-L,30.0,3777712
G80855-010-M,30.0,3777704
G80855-010-S,30.0,3777711
G80855-010-XL,28.0,4053340
G80855-020-M,1.0,3541419
G80855-020-S,1.0,3727585
G80855-060-L,30.0,4053341
G80855-060-M,30.0,3777756
G80855-060-S,30.0,3777738
G80856-010-L,30.0,3673554
G80856-010-M,1.0,4281047
G80856-010-XL,30.0,3673626
G80856-020-2XL,30.0,4053343
G80856-020-L,30.0,3777861
G80856-020-M,30.0,3777891
G80856-020-XL,30.0,3778116
G80856-050-2XL,30.0,4053350
G80856-050-L,30.0,3778109
G80856-050-XL,30.0,4053353
G80857-040-2XL,25.0,4053355
G80857-040-L,25.0,3445356
G80857-040-M,25.0,3673260
G80857-040-S,28.0,3672989
G80857-040-XL,25.0,3673218
G80857-060-L,25.0,3613392
G80857-060-M,25.0,4053363
G80857-060-XL,23.0,4053365
G80858-010-L,30.0,3390789
G80858-010-M,30.0,3784134
G80858-010-S,30.0,4053369
G80858-010-XL,31.0,3784208
G80858-010-XS,29.0,4053372
G80858-020-M,25.0,2967606
G80858-020-S,1.0,3388757
G80858-050-L,30.0,4053373
G80858-050-M,30.0,4053374
G80858-050-XL,30.0,4053375
G80861-010-M,15.0,3440347
G80861-010-S,15.0,3440433
G80862-010-L,14.0,3441366
G80862-010-M,14.0,3441480
G80862-010-XL,14.0,3441458
G80863-010-M,15.0,3441884
G80863-010-XS,1.0,4149273
G80864-010-L,14.0,3439926
G80864-010-M,14.0,3439969
G80865-010-NS,50.0,3080627
G80865-020-NS,50.0,3080558
G80865-040-NS,50.0,3080562
G80865-050-NS,50.0,3080619
G80865-060-NS,50.0,3080618
G80865-070-NS,50.0,3080615
G80865-090-NS,50.0,3080549
G80865-100-NS,50.0,3080552
G80865-120-NS,50.0,3080590
G80865-130-NS,50.0,3080617
G80866-010-L,7.0,3155637
G80866-010-M,7.0,3154759
G80866-010-S,7.0,3154469
G80866-010-XS,7.0,3154632
G80866-020-M,7.0,3154807
G80866-020-S,7.0,3154579
G80866-020-XS,7.0,3154200
G80867-010-S,20.0,3019983
G80868-010-L,6.0,3154423
G80868-010-M,6.0,3154601
G80868-010-XL,6.0,3154458
G80868-020-L,6.0,3154474
G80868-020-M,6.0,3155647
G80868-020-XL,6.0,3154624
G80872-010-S,20.0,3020999
G80877-010-L,22.0,3613780
G80877-010-M,22.0,3613681
G80877-010-XL,22.0,3613802
G80878-010-L,25.0,3613696
G80878-010-S,25.0,3613686
G80879-010-L,15.0,2906901
G80879-010-M,15.0,2908565
G80879-020-L,15.0,2908296
G80879-020-M,15.0,2908469
G80879-020-S,15.0,2908461
G80879-020-XL,15.0,2908409
G80879-030-L,15.0,2907551
G80879-030-M,15.0,2908373
G80879-030-S,15.0,2907574
G80880-010-L,10.0,2921663
G80880-010-M,10.0,2921546
G80880-010-S,10.0,2921683
G80880-010-XL,10.0,2921707
G80880-020-L,10.0,2922222
G80880-020-M,10.0,2922239
G80880-020-S,10.0,2922115
G80880-020-XL,10.0,2922259
G80880-030-L,10.0,2921436
G80880-030-M,10.0,2921425
G80880-030-S,10.0,2921432
G80880-030-XL,10.0,2921351
G80880-030-XS,10.0,2921327
G80881-010-L,10.0,3239561
G80881-010-M,10.0,3239658
G80881-010-S,10.0,3239733
G80881-010-XL,10.0,3239852
G80881-020-2XL,10.0,3018596
G80881-020-L,10.0,3018216
G80881-020-M,10.0,3018163
G80881-020-XL,10.0,3018204
G80882-010-2XL,13.0,2922083
G80882-010-L,13.0,2921977
G80882-010-M,13.0,2922023
G80882-010-S,13.0,2921950
G80882-010-XL,13.0,2921972
G80882-030-L,13.0,2921883
G80882-030-XL,1.0,3778968
G80883-010-2XL,36.0,3941439
G80883-010-L,36.0,3941610
G80883-010-XL,36.0,3941653
G80883-020-2XL,35.0,3941364
G80883-020-L,36.0,3940861
G80883-020-XL,34.0,3940866
G80883-030-2XL,36.0,3940577
G80883-030-L,36.0,3941038
G80883-030-XL,36.0,3941355
G80884-010-L,21.0,2930313
G80884-010-M,20.0,2930685
G80884-010-S,20.0,2930644
G80884-010-XL,21.0,2930479
G80884-010-XS,20.0,2930259
G80884-030-M,21.0,2930637
G80884-030-S,20.0,2930493
G80885-010-L,21.0,3241101
G80885-010-M,21.0,3241092
G80885-010-S,20.0,3241086
G80885-010-XL,21.0,3241091
G80885-020-2XL,20.0,2956485
G80885-020-L,20.0,2956427
G80885-020-M,21.0,2956879
G80885-020-S,20.0,2956492
G80885-020-XL,21.0,2956750
G80885-030-L,10.0,2956874
G80885-030-M,21.0,2956888
G80885-030-S,20.0,2956769
G80885-030-XL,20.0,2956446
G80886-010-L,52.0,3953876
G80886-010-XL,52.0,3953832
G80886-030-L,52.0,3953896
G80886-030-M,52.0,3953869
G80899-010-L,25.0,3596104
G80899-010-M,25.0,3595947
G80899-010-S,26.0,3596621
G80899-010-XS,26.0,3596624
G80899-020-L,25.0,3595931
G80899-020-M,25.0,3596427
G80899-020-S,26.0,3596261
G80901-010-2XL,21.0,3774258
G80901-010-L,22.0,3774918
G80901-010-M,23.0,3774580
G80901-010-S,23.0,3774431
G80901-010-XL,22.0,3774894
G80901-020-2XL,21.0,3774576
G80901-020-L,22.0,3774921
G80901-020-M,23.0,3774261
G80901-020-XL,22.0,3774886
G80902-010-2XL,10.0,3791954
G80902-010-L,12.0,3792360
G80902-010-M,14.0,3792370
G80902-010-S,14.0,3793086
G80902-010-XL,12.0,3791988
G80902-020-2XL,10.0,3793075
G80902-020-L,12.0,3793138
G80902-020-M,14.0,3793399
G80902-020-S,14.0,3793055
G80902-020-XL,12.0,3792803
G80903-010-L,45.0,3922462
G80903-010-M,50.0,3922434
G80903-010-S,50.0,3922384
G80903-010-XL,40.0,3922576
G80903-020-L,45.0,3922379
G80903-020-M,50.0,3920635
G80903-020-S,50.0,3922395
G80903-020-XL,40.0,3920613
G80903-030-L,45.0,3922566
G80903-030-M,50.0,3922443
G80903-030-S,50.0,3920824
G80903-030-XL,40.0,3922583
G80904-010-L,12.0,3792248
G80904-010-M,14.0,3792243
G80904-010-S,14.0,3792412
G80904-010-XL,12.0,3792162
G80904-010-XS,14.0,3793039
G80904-020-L,12.0,3792941
G80904-020-M,14.0,3792830
G80904-020-S,14.0,3792155
G80904-020-XL,12.0,3792932
G80904-020-XS,14.0,3792242
G80905-010-L,20.0,3790485
G80905-010-M,22.0,3790610
G80905-010-S,22.0,3790487
G80905-010-XL,20.0,3790475
G80905-020-L,20.0,3790305
G80905-020-M,22.0,3790314
G80905-020-S,22.0,3790459
G80905-020-XL,20.0,3790312
G80906-010-L,16.0,3791175
G80906-010-M,18.0,3791371
G80906-010-S,18.0,3790297
G80906-010-XL,16.0,3790912
G80906-010-XS,18.0,3790385
G80906-020-L,16.0,3791358
G80906-020-M,18.0,3790372
G80906-020-S,18.0,3791158
G80906-020-XL,16.0,3791071
G80906-020-XS,18.0,3790255
G80907-010-L,55.0,3920800
G80907-010-M,60.0,3920791
G80907-010-S,65.0,3920806
G80907-010-XL,53.0,3920817
G80907-010-XS,65.0,3920802
G80907-020-L,55.0,3920547
G80907-020-M,60.0,3920559
G80907-020-S,65.0,3920533
G80907-020-XL,53.0,3920551
G80907-020-XS,65.0,3920833
G80907-030-L,55.0,3920596
G80907-030-M,60.0,3920561
G80907-030-S,65.0,3920568
G80909-010-2XL,18.0,3792545
G80909-010-L,20.0,3792573
G80909-010-M,20.0,3792555
G80909-010-S,20.0,3792654
G80909-010-XL,18.0,3792432
G80909-020-2XL,18.0,3793474
G80909-020-L,20.0,3792399
G80909-020-M,20.0,3792444
G80909-020-S,20.0,3792437
G80909-020-XL,18.0,3792348
G80910-010-2XL,18.0,3793363
G80910-010-L,20.0,3793377
G80910-010-M,20.0,3793379
G80910-010-S,20.0,3793388
G80910-010-XL,18.0,3793061
G80910-020-2XL,18.0,3792115
G80910-020-L,20.0,3792471
G80910-020-M,20.0,3792723
G80910-020-S,20.0,3793217
G80910-020-XL,18.0,3792713
G80911-010-2XL,12.0,3790394
G80911-010-L,14.0,3790435
G80911-010-M,14.0,3790514
G80911-010-S,14.0,3790371
G80911-010-XL,14.0,3790426
G80911-020-2XL,12.0,3791602
G80911-020-L,14.0,3790585
G80911-020-M,14.0,3790392
G80911-020-S,14.0,3790434
G80911-020-XL,14.0,3791601
G80912-010-L,12.0,3790303
G80912-010-M,14.0,3790453
G80912-010-S,14.0,3790462
G80912-010-XL,12.0,3790596
G80912-010-XS,14.0,3790495
G80913-010-2XL,18.0,3792612
G80913-010-L,20.0,3791903
G80913-010-M,20.0,3792689
G80913-010-S,20.0,3792679
G80913-010-XL,18.0,3792663
G80914-010-L,20.0,3792313
G80914-010-M,22.0,3793497
G80914-010-S,22.0,3793478
G80914-010-XS,22.0,3793468
G80915-010-2XL,31.0,3922614
G80915-010-L,45.0,3922612
G80915-010-M,50.0,3922627
G80915-010-XL,40.0,3922291
G80916-010-L,16.0,3792298
G80916-010-M,18.0,3792303
G80916-010-S,18.0,3792288
G80916-010-XL,16.0,3792145
G80916-010-XS,18.0,3792436
G80917-010-2XL,12.0,4260238
G80917-010-L,14.0,3791277
G80917-010-M,14.0,3789580
G80917-010-S,14.0,3789424
G80917-010-XL,14.0,3791129
G80918-010-L,55.0,3922822
G80918-010-M,60.0,3922356
G80918-010-S,65.0,3922293
G80918-010-XL,55.0,3922358
G80918-010-XS,65.0,3922349
G80919-010-2XL,10.0,3793184
G80919-010-L,12.0,3793145
G80919-010-M,14.0,3793017
G80919-010-S,14.0,3792882
G80919-010-XL,12.0,3793141
G80920-030-L,10.0,3184318
G80920-030-M,10.0,3184850
G80920-030-S,10.0,3185068
G80920-030-XL,10.0,3184342
G80920-030-XS,10.0,3185124
G80921-030-2XL,10.0,3187921
G80921-030-L,10.0,3187809
G80921-030-M,10.0,3187728
G80921-030-S,10.0,3187678
G80921-030-XL,10.0,3187909
G80923-020-OSFA,1.0,3865865
G80928-020-L,40.0,3124966
G80928-020-M,45.0,3123529
G80928-020-S,45.0,3124669
G80928-030-L,40.0,3124985
G80928-030-M,45.0,3124650
G80928-030-S,45.0,3124910
G80928-040-L,40.0,3124822
G80928-040-M,45.0,3124938
G80928-040-S,45.0,3123524
G80928-040-XL,40.0,3124934
G80928-040-XS,45.0,3124968
G80929-020-L,45.0,3124596
G80929-020-M,50.0,3122850
G80929-020-XL,45.0,3124600
G80929-030-L,44.0,3123540
G80930-030-2XL,35.0,3125074
G80930-030-L,40.0,3124626
G80930-030-M,40.0,3124525
G80930-030-XL,35.0,3125017
G80930-040-L,40.0,3124636
G80930-040-M,40.0,3124544
G80930-040-XL,35.0,3123418
G80931-030-M,34.0,3125065
G80931-040-L,40.0,3123628
G80931-040-M,45.0,3125187
G80932-010-L,40.0,3123442
G80932-010-M,45.0,3124971
G80932-010-S,45.0,3123071
G80932-020-L,32.0,3124686
G80932-020-M,45.0,3123461
G80932-020-S,45.0,3122870
G80932-030-L,40.0,3124655
G80932-030-M,45.0,3122265
G80932-030-S,45.0,3122865
G80932-030-XL,33.0,3124762
G80933-020-L,30.0,3124754
G80933-020-M,30.0,3123558
G80933-020-XL,25.0,3123419
G80933-030-L,16.0,3125036
G80933-030-M,30.0,3125030
G80933-040-M,30.0,3123478
G80933-040-XL,25.0,3124549
G80934-020-XL,25.0,3123133
G80934-030-L,30.0,3125159
G80934-030-M,30.0,3123136
G80934-030-XL,25.0,3122970
G80934-040-L,30.0,3125117
G80934-040-M,30.0,3123141
G80934-040-XL,25.0,3122895
G80935-020-L,35.0,3124987
G80935-020-M,35.0,3122776
G80935-020-XL,30.0,3124698
G80935-030-2XL,30.0,3122842
G80935-030-L,35.0,3124943
G80935-030-M,35.0,3122849
G80935-030-XL,30.0,3124964
G80935-040-L,35.0,3122847
G80935-040-M,24.0,3123118
G80935-040-XL,30.0,3123092
G80936-020-L,35.0,3123147
G80936-020-M,35.0,3124661
G80936-030-M,1.0,3226685
G80936-030-XL,1.0,3919903
G80936-040-M,25.0,3125078
G80937-020-L,30.0,3125063
G80937-020-M,35.0,3124993
G80937-020-S,35.0,3125094
G80937-030-L,30.0,3124805
G80937-030-M,35.0,3125059
G80937-030-S,35.0,3125105
G80937-040-L,30.0,3125192
G80937-040-M,35.0,3125104
G80937-040-S,35.0,3125039
G80937-040-XS,17.0,3125103
G80938-040-S,1.0,3926923
G80943-020-L,22.0,4097866
G80943-020-M,24.0,4097862
G80943-020-S,23.0,4097864
G80944-030-L,22.0,4097841
G80944-030-M,22.0,4097890
G80944-030-XL,22.0,4097895
G80959-010-2XL,16.0,3773673
G80959-010-L,17.0,3773630
G80959-010-M,18.0,3774165
G80959-010-S,18.0,3773336
G80959-010-XL,17.0,3774173
G80959-020-L,17.0,3773879
G80959-020-M,18.0,3774436
G80959-020-S,18.0,3773667
G80959-020-XL,17.0,3773856
G80968-040-XL,18.0,3259643
G80969-040-XL,18.0,3260020
G80969-050-L,18.0,3259538
G80969-050-M,20.0,3260222
G80969-050-XL,19.0,2875625
G80971-040-XL,22.0,3259940
G80975-030-L,22.0,3259403
G80975-030-M,21.0,3259798
G80975-040-L,18.0,3259926
G80975-040-S,14.0,3260435
G80978-020-S,6.0,3774225
G80978-030-L,32.0,3774459
G80978-030-M,34.0,3774131
G80978-030-XL,30.0,3774516
G80979-010-2XL,20.0,3791403
G80979-010-L,20.0,3791415
G80979-010-M,20.0,3791411
G80979-010-S,20.0,3791434
G80979-010-XL,20.0,3791397
G80980-010-L,25.0,3791591
G80980-010-M,25.0,3790784
G80980-010-S,25.0,3790889
G80981-010-L,25.0,3791304
G80981-010-M,25.0,3791070
G80981-010-S,25.0,3791303
G80981-020-M,25.0,3790976
G80981-020-S,25.0,4053385
G80981-030-M,24.0,4053390
G80981-030-S,20.0,4053391
G80982-010-L,25.0,3665006
G80982-010-M,25.0,3665643
G80982-010-XL,25.0,3665686
G80982-020-L,25.0,3665046
G80982-020-M,25.0,3665098
G80982-020-XL,25.0,3665139
G80982-030-L,25.0,4053402
G80982-030-M,25.0,4053404
G80982-030-XL,25.0,4053405
G80983-020-L,32.0,3774507
G80983-020-M,32.0,3774204
G80983-020-S,20.0,3774376
G80991-010-NS,60.0,3482318
G81010-010-M,40.0,4263280
G81010-010-S,40.0,4263320
G81010-010-XL,8.0,3463346
G81010-020-L,40.0,4263308
G81010-020-M,40.0,4263273
G81010-020-S,40.0,4263292
G81010-020-XL,40.0,4263240
G81010-020-XS,40.0,4263277
G81015-010-OSFA,72.0,3684761
G81015-050-OSFA,72.0,3685077
G81015-060-OSFA,72.0,3684885
G81019-010-L,12.0,3773732
G81019-010-M,12.0,3773605
G81019-010-S,13.0,3773552
G81019-010-XL,11.0,3773550
G81019-010-XS,13.0,3773507
G81019-020-L,12.0,3773304
G81019-020-M,12.0,3773297
G81019-020-S,13.0,3773494
G81019-020-XL,11.0,3773563
G81019-020-XS,13.0,3773557
G81020-010-L,20.0,3842771
G81020-010-M,20.0,3842840
G81020-010-S,21.0,3842766
G81020-010-XL,19.0,3842697
G81020-010-XS,21.0,3842774
G81020-020-L,20.0,3842753
G81020-020-M,20.0,3595766
G81020-020-S,21.0,3842760
G81020-020-XL,19.0,3842606
G81020-020-XS,21.0,3596437
G81021-010-2XL,13.0,3596450
G81021-010-L,14.0,3776973
G81021-010-M,15.0,3776835
G81021-010-S,15.0,3776662
G81021-010-XL,14.0,3777029
G81021-020-2XL,13.0,3777046
G81021-020-L,14.0,3777013
G81021-020-M,15.0,3777011
G81021-020-S,15.0,3777044
G81021-020-XL,14.0,3776628
G81087-020-M,24.0,3578475
G81087-020-S,26.0,3578317
G81088-010-L,22.0,3578500
G81088-010-M,25.0,3578646
G81093-010-2XL,29.0,3977925
G81093-010-L,35.0,3977955
G81093-010-M,35.0,3977864
G81093-010-XL,33.0,3977870
G81093-020-2XL,33.0,3845772
G81093-020-L,35.0,3845776
G81093-020-M,35.0,3845838
G81093-020-XL,33.0,3846004
G81094-010-2XL,30.0,3886835
G81094-010-L,35.0,3888087
G81094-010-M,35.0,3885396
G81094-010-XL,30.0,3885786
G81094-020-2XL,30.0,3886691
G81094-020-L,35.0,3887759
G81094-020-M,35.0,3886714
G81094-020-XL,30.0,3886709
G81094-030-2XL,30.0,3885805
G81094-030-L,35.0,3885810
G81094-030-M,35.0,3885803
G81094-030-XL,30.0,3887145
G81095-010-L,18.0,3780273
G81095-010-M,18.0,3780255
G81095-010-XL,18.0,3780262
G81095-020-L,18.0,3780254
G81095-020-M,18.0,3777332
G81095-020-XL,18.0,3780251
G81096-010-2XL,30.0,3774287
G81096-010-L,32.0,3774401
G81096-010-M,34.0,3774282
G81096-010-XL,32.0,3774268
G81096-020-2XL,30.0,3774139
G81096-020-L,32.0,3774411
G81096-020-M,34.0,3774414
G81096-020-XL,32.0,3774288
G81097-010-L,30.0,3783943
G81097-010-M,30.0,3784035
G81097-010-S,30.0,3783955
G81097-020-L,30.0,3783940
G81097-020-M,30.0,3783928
G81097-020-S,30.0,3783958
G81098-020-L,38.0,3773480
G81098-020-M,40.0,3773828
G81098-020-S,40.0,3773584
G81098-020-XL,38.0,3773572
G81098-020-XS,40.0,3773461
G81099-010-L,32.0,3845638
G81099-010-M,32.0,3845529
G81099-010-S,34.0,3845525
G81099-010-XS,34.0,3845640
G81100-010-L,30.0,3604702
G81100-010-M,30.0,3604663
G81100-010-S,30.0,3605027
G81100-010-XL,30.0,3604665
G81100-020-L,30.0,3604800
G81100-020-M,30.0,3604706
G81100-020-S,30.0,3604773
G81100-020-XL,30.0,3604618
G81101-010-L,30.0,3789621
G81101-010-M,32.0,3789467
G81101-010-XL,30.0,3789477
G81101-020-L,30.0,3789064
G81101-020-M,32.0,3789598
G81101-020-S,32.0,3789606
G81101-020-XL,30.0,3789458
G81102-010-L,50.0,3886477
G81102-010-M,50.0,3885614
G81102-010-S,50.0,3887554
G81102-010-XL,50.0,3887557
G81102-020-L,50.0,3886926
G81102-020-M,50.0,3887567
G81102-020-S,50.0,3887866
G81102-020-XL,50.0,3886947
G81109-010-OSFA,72.0,3816466
G81109-020-OSFA,72.0,3816433
G81109-030-OSFA,72.0,3816411
G81109-040-OSFA,72.0,3816414
G81111-010-NS,12.0,3819230
G81112-010-NS,14.0,3819151
G81113-010-OSFA,100.0,3159417
G81113-020-OSFA,100.0,3159257
G81113-040-OSFA,100.0,3159411
G81114-010-OSFA,92.0,3217869
G81114-020-OSFA,92.0,3217856
G81114-030-OSFA,92.0,3217808
G81114-040-OSFA,82.0,3672764
G81118-010-L,30.0,3952376
G81118-010-M,30.0,3952414
G81118-010-XL,26.0,3952393
G81129-010-L,23.0,3868366
G81129-010-M,32.0,3868153
G81129-010-S,31.0,3868371
G81130-010-L,32.0,3868776
G81130-010-M,31.0,3868759
G81130-010-XL,30.0,3868375
G81131-010-L,31.0,3868773
G81131-010-M,33.0,3868883
G81131-010-S,34.0,3868871
G81131-010-XL,25.0,3868881
G81132-010-L,34.0,3868765
G81132-010-M,34.0,3868396
G81132-010-XL,34.0,3869316
G81139-010-150,100.0,4283274
G81139-010-160,100.0,4282555
G81139-010-170,90.0,4282543
G81139-030-150,100.0,4282615
G81139-030-160,100.0,4282157
G81139-030-170,90.0,4282635
G81139-060-150,100.0,4282201
G81139-060-160,100.0,4282604
G81139-060-170,90.0,4282220
G81139-070-160,63.0,4282159
G81139-070-170,50.0,4282245
G81140-010-L,80.0,4282085
G81140-010-M,80.0,4282178
G81140-010-S,80.0,4282166
G81140-010-XS,64.0,4282225
G81140-030-M,80.0,3720264
G81140-030-S,77.0,3720269
G81140-040-L,80.0,3720191
G81140-040-M,80.0,3720384
G81140-040-S,80.0,3720375
G81140-080-M,80.0,4282222
G81140-090-S,63.0,4282187
G81140-100-L,80.0,4283208
G81140-100-M,86.0,4282216
G81140-100-S,80.0,4282131
G81140-120-M,63.0,4282099
G81140-120-S,41.0,4282204
G81142-010-L,70.0,3641121
G81142-010-M,70.0,3641017
G81142-030-2XL,60.0,4282519
G81142-030-L,70.0,4282053
G81142-030-M,80.0,4282056
G81142-030-S,80.0,4282528
G81142-030-XL,70.0,4282233
G81142-040-L,70.0,3745773
G81142-040-M,70.0,3745779
G81142-040-XL,70.0,3745804
G81142-050-L,70.0,3823119
G81142-050-M,70.0,3823126
G81142-050-S,70.0,3823070
G81142-050-XL,70.0,3823123
G81142-060-2XL,60.0,4282419
G81142-060-L,70.0,3606349
G81142-060-M,80.0,4282374
G81142-060-S,80.0,4282439
G81142-060-XL,70.0,4282465
G81142-070-L,70.0,4282471
G81142-070-M,80.0,4282089
G81142-070-S,80.0,4282469
G81142-070-XL,70.0,4282550
G81142-080-L,70.0,4282493
G81142-080-M,80.0,4282449
G81142-080-S,50.0,4282464
G81142-080-XL,70.0,4282521
G81142-090-L,59.0,4282191
G81142-090-M,56.0,4283186
G81143-030-M,75.0,2943596
G81143-070-2XL,60.0,4222199
G81143-070-L,70.0,4222083
G81143-070-M,80.0,4222219
G81143-070-XL,70.0,4221835
G81143-080-2XL,60.0,4222210
G81143-080-L,70.0,4222201
G81143-080-M,80.0,4222237
G81143-080-S,80.0,4222211
G81143-080-XL,70.0,4222179
G81143-120-L,70.0,4222295
G81143-120-M,80.0,4222180
G81143-120-XL,70.0,4221680
G81143-130-2XL,60.0,4222093
G81143-130-L,70.0,4222294
G81143-130-M,80.0,4221697
G81143-130-S,67.0,4222203
G81143-130-XL,70.0,4222240
G81143-150-2XL,60.0,4222213
G81143-150-L,70.0,4221720
G81143-150-M,80.0,4222087
G81143-150-S,80.0,4222222
G81143-150-XL,70.0,4221679
G81144-010-M,90.0,4222232
G81144-010-S,90.0,4222115
G81144-020-M,59.0,2955206
G81144-020-S,80.0,2955036
G81144-040-M,64.0,4222103
G81144-050-M,80.0,2955024
G81144-050-S,80.0,2955007
G81144-070-S,80.0,2955213
G81144-150-M,90.0,4222047
G81144-170-L,69.0,4222131
G81144-170-M,90.0,4222146
G81144-170-S,75.0,4222168
G81144-180-L,80.0,4222186
G81144-180-M,90.0,4221960
G81144-180-S,90.0,4222095
G81144-180-XL,59.0,4222061
G81145-010-150,100.0,4222089
G81145-010-160,100.0,4222228
G81145-010-170,62.0,4221962
G81145-020-140,97.0,4221971
G81145-020-150,100.0,4222110
G81145-020-160,100.0,3605939
G81145-030-140,100.0,4222153
G81145-030-150,100.0,4222144
G81145-030-160,100.0,4222049
G81145-030-170,100.0,4221987
G81145-120-150,56.0,4222227
G81145-120-160,100.0,4221930
G81149-010-L,11.0,3797008
G81149-010-M,12.0,3796437
G81149-010-S,12.0,3798001
G81149-010-XS,10.0,3798865
G81149-020-M,12.0,3798009
G81149-020-S,12.0,3798490
G81149-030-L,11.0,3798581
G81149-030-M,12.0,3796148
G81149-030-S,12.0,3796713
G81149-030-XS,12.0,3796377
G81150-010-S,13.0,3798859
G81150-020-L,13.0,3797725
G81150-020-M,13.0,3797622
G81150-030-L,9.0,3797617
G81150-030-M,13.0,3797390
G81151-010-L,13.0,3797056
G81151-010-M,13.0,3796798
G81151-010-S,13.0,3797092
G81151-020-L,13.0,3796904
G81151-020-M,13.0,3797457
G81151-020-S,13.0,3797529
G81151-020-XS,13.0,3797441
G81151-030-L,13.0,3798816
G81151-030-M,13.0,3798782
G81151-030-S,13.0,3797049
G81151-030-XL,13.0,3797553
G81151-030-XS,13.0,3798938
G81152-010-L,11.0,3796469
G81152-010-M,11.0,3798037
G81152-010-S,11.0,3798478
G81152-010-XL,10.0,3798035
G81152-020-2XL,6.0,3796086
G81152-020-L,11.0,3797139
G81152-020-M,11.0,3798594
G81152-020-XL,10.0,3797904
G81152-030-L,11.0,3797415
G81152-030-M,11.0,3798590
G81152-030-XL,8.0,3797136
G81218-010-140,30.0,3641631
G81218-010-150,30.0,3642089
G81218-010-160,27.0,3641935
G81218-010-170,27.0,3642075
G81219-010-150,22.0,3644239
G81219-010-160,20.0,3644602
G81219-010-170,18.0,3644607
G81220-010-150,22.0,3644509
G81220-010-160,20.0,3645143
G81220-010-170,20.0,3645127
G81344-090-L,16.0,4312631
G81344-090-M,16.0,4313828
G81344-090-S,18.0,4313687
G81344-090-XL,14.0,4313713
G81344-090-XS,18.0,4312639
G81344-100-L,16.0,4313578
G81344-100-M,16.0,4312125
G81344-100-S,18.0,4312771
G81344-100-XL,14.0,4313542
G81344-100-XS,18.0,4312833
G81344-110-L,16.0,4312612
G81344-110-M,16.0,4313151
G81344-110-S,18.0,4312732
G81344-110-XL,14.0,4312614
G81344-110-XS,18.0,4312234
G81344-120-L,16.0,4313124
G81344-120-M,16.0,4313277
G81344-120-S,18.0,4313128
G81344-120-XL,14.0,4313642
G81344-120-XS,17.0,4313962
G81346-010-2XL,14.0,4313536
G81346-010-L,16.0,4314141
G81346-010-M,16.0,4314142
G81346-010-S,18.0,4313586
G81346-010-XL,14.0,4313191
G81346-050-2XL,14.0,4313833
G81346-050-L,16.0,4313752
G81346-050-M,16.0,4313756
G81346-050-S,18.0,4314115
G81346-050-XL,14.0,4313821
G81346-060-2XL,14.0,4313251
G81346-060-L,16.0,4313052
G81346-060-M,16.0,4312470
G81346-060-S,18.0,4312752
G81346-060-XL,14.0,4312107
G81346-070-2XL,15.0,4313310
G81346-070-L,16.0,4313620
G81346-070-M,16.0,4313539
G81346-070-S,19.0,4313315
G81346-070-XL,14.0,4313319
GICOCA1118,50.0,4121062
GICOCA5050,25.0,4295533
GIDORO1118,50.0,4295915
GIDORO5050,25.0,4295545
GIMECO5050,26.0,4295669
GWPODLRSOTB26,50.0,4231230
GWPSHISEIDOBR25,280.0,4296955
HECHBL1118,40.0,3362268
HECHBL5050,25.0,3634853
HECHCO1118,40.0,3386953
HECHCO5050,30.0,4313427
HECHKA1118,40.0,3361898
HECHKA5050,5.0,4019136
HMULNAT70240,1.0,4021895
ILLBS300400,1.0,2704485
ILLBS5050,23.0,3389643
ILLMO1118,91.0,3771800
ILLMO5050,24.0,3835709
ILLMS1118,100.0,3775835
ILLMS5050,23.0,3835481
LAY-EMBALLAGE,1.0,2769449
LAYBAGBIG,1.0,3813767
LAYBAGSMALL,1.0,4202704
LAYBIGSAM,1.0,4002888
LAYCARTONL,1.0,3614116
LAYCARTONM,1.0,4139780
LAYTAPE,1.0,780087
LEFTOVERYARNCB1118,40.0,2960300
LEFTOVERYARNCB5050,25.0,3179781
LEFTOVERYARNNP1118,50.0,3389507
LEFTOVERYARNNP265400,1.0,4119520
LEFTOVERYARNOC1118,100.0,3773141
LEFTOVERYARNOC5050,25.0,3459453
LEFTOVERYARNOW1118,50.0,3141089
LEFTOVERYARNOW180270,1.0,3130344
LEFTOVERYARNOW5050,25.0,3197824
LEFTOVERYARNSA1118,50.0,4295847
LEFTOVERYARNSA5050,25.0,4295500
LEFTOVERYARNTO1118,50.0,4121057
LEFTOVERYARNTO5050,16.0,3347215
LETTL5050,25.0,3389666
MPCOBB5050,25.0,4112676
MPCOBR5050,25.0,4112673
MPCOBW5050,25.0,4112669
MPCOYO5050,25.0,4112683
N00700601,48.0,4263847
N00800404,1.0,4172979
N00802608,1.0,3984709
N00805001,48.0,3164480
N00805807,48.0,2591618
N00805907,48.0,2671192
N00812001,48.0,3158662
N00905905,1.0,3984647
N01101302,1.0,4172996
N01101303,14.0,2755097
N01101304,36.0,391439
N01101310,14.0,2755305
N01102003,14.0,3984473
N01102010,14.0,3985151
N01112610,2.0,3984694
N01205001,160.0,3165911
N01205803,20.0,2671286
N01205903,20.0,2671260
N01206603,1.0,4173016
N01210701,1.0,3985057
N01212001,20.0,3038111
N01300402,8.0,3945632
N01305902,8.0,3326895
N01402301,4.0,2329020
N01600401,180.0,3346461
N01600601,180.0,3346469
N02011001,2.0,3984634
N02206302,143.0,4173028
N02206303,94.0,4263861
N02305901,40.0,4045673
N02310801,320.0,4045627
N02419601,129.0,3671757
N02419701,88.0,3084392
N02425001,150.0,3614043
N02425002,149.0,3834025
N02425003,82.0,4139857
N02502301,1.0,4173018
N02503101,50.0,2866470
N02704701,40.0,4200925
N02805001,20.0,2343197
N03000401,120.0,3011636
N03200601,120.0,2917182
N03403001,51.0,4078893
N03500401,12.0,1538488
N03600401,9.0,3747262
N03700401,1.0,2936199
N03705001,2.0,3747180
N03913201,7.0,4263869
N03920901,211.0,4224356
N03923801,288.0,3962097
N03927101,288.0,4203091
N04000601,4.0,3761912
N04002602,1.0,3719089
N04005501,2.0,3769467
N04100601,1.0,3762080
N04202301,1.0,3762091
N04405602,20.0,555996
N04503001,93.0,3349241
N04703001,211.0,4224401
N05005201,60.0,551254
N05400601,40.0,4139577
N05411401,40.0,4139638
N05800401,72.0,3963628
N05906301,50.0,3253268
N05906302,50.0,3083926
N05916301,1.0,4173084
N05916401,40.0,3963224
N05919601,50.0,3084189
N05919602,50.0,3084136
N05919701,50.0,3084128
N05919702,50.0,3084149
N05923502,50.0,3610999
N06000601,25.0,3084292
N06000602,25.0,3084081
N06008101,40.0,3611049
N06700101,50.0,3011670
N06700601,50.0,3363278
N06800101,80.0,3353579
N06800201,80.0,3353534
N06800801,80.0,3344255
N06804801,1.0,3984106
N06819201,80.0,3344285
N06900401,20.0,4046505
N07000401,40.0,4046403
N07100401,20.0,4173074
N07105801,16.0,3296872
N07600401,40.0,3761538
N07600402,19.0,3984700
N07605001,60.0,3190990
N07605002,60.0,3191039
N07605101,60.0,3178874
N07605102,52.0,3985012
N07605901,40.0,3038246
N07605902,40.0,3038258
N07610701,5.0,3985049
N07610801,40.0,3038156
N07610802,40.0,3038147
N07705002,40.0,3816974
N07705101,40.0,3170767
N07705102,40.0,3191116
N07705901,40.0,3038285
N07705902,40.0,3038277
N07710702,7.0,4263855
N07710801,40.0,3038208
N07710802,40.0,3038217
N07800601,34.0,3962162
N07823501,32.0,3962342
N07905001,8.0,3864779
N07905101,4.0,3190931
N08302301,20.0,951208
N08307101,20.0,951086
N08307201,20.0,951159
N08402301,20.0,951587
N08407101,20.0,951481
N08407201,20.0,951632
N08512101,20.0,2338036
N08605902,40.0,3674560
N13713001,80.0,2407502
N13724001,72.0,3962027
N13728601,72.0,4200945
N15600601,50.0,4227105
N15602301,1.0,3984720
N15603101,4.0,4263851
N15603601,50.0,3929514
N15611401,50.0,3938436
N15623501,50.0,4071889
N18017401,1.0,3268155
N18017501,40.0,2634769
N18600601,40.0,2735400
N18706701,80.0,3964896
N19102201,1.0,3984999
N19108001,6.0,3984211
N19608006,1.0,4173012
N19708003,3.0,4263848
N20110801,1.0,4263857
N20114301,1.0,4173005
N20115701,32.0,3860120
N20115901,1.0,3983997
N20309501,64.0,3011611
N20405901,8.0,2210173
N20509701,10.0,1956756
N20510001,10.0,1956739
N20510101,10.0,1956704
N20510301,10.0,1956685
N20510401,10.0,1956669
N20610601,84.0,3363549
N20610801,84.0,2964175
N20611501,84.0,2964172
N20710601,72.0,2255142
N20710801,72.0,2824355
N20711501,72.0,2964022
N20810601,36.0,2975630
N20811501,36.0,2964104
N20811601,1.0,4173085
N20815501,36.0,2887840
N20910601,110.0,2964002
N20910801,110.0,2963975
N20911501,110.0,2824459
N21010601,100.0,3362870
N21010801,100.0,3362858
N21011501,100.0,3362876
N21110601,20.0,2964012
N21110801,20.0,2824167
N21111501,20.0,2964047
N21210601,100.0,2964187
N21210801,100.0,2964178
N21211501,100.0,2964216
N21311901,160.0,2917214
N22305901,4.0,4066818
N22317201,4.0,3326319
N22317301,4.0,3345402
N22503101,173.0,4227645
N22706202,66.0,4173094
N22716303,4.0,4173011
N22719604,18.0,4263563
N22725002,164.0,3614019
N22914111,211.0,4224315
N23014112,211.0,4224360
N23105901,24.0,4172231
N24200101,23.0,3747273
N24200201,78.0,3747077
N24200801,19.0,3769580
N24204001,7.0,3747035
N24714501,20.0,2441384
N24714502,20.0,2445804
N24714503,10.0,2441647
N24714504,20.0,2441841
N24814301,20.0,2515240
N24814302,20.0,3624399
N24814401,20.0,2515302
N24814402,20.0,2515323
N25114301,20.0,2515172
N25114302,20.0,2515190
N25114401,20.0,2515200
N25114402,20.0,2515222
N25200101,500.0,2320769
N25200201,1.0,4039922
N25200801,1.0,4085176
N25204001,1.0,4039889
N25514201,220.0,3375897
N25614201,250.0,3375886
N25914301,2.0,3985021
N25914401,3.0,3984369
N26224901,6.0,4073060
N26225301,6.0,4073778
N26803001,76.0,4230214
N27305901,4.0,4115747
N27405901,8.0,4115919
N28618201,20.0,3747687
N28618301,13.0,3747647
N28618401,27.0,3747303
N28618601,13.0,3769601
N28818201,1.0,3702016
N28818401,1.0,4118291
N28818601,1.0,4121351
N28827501,1.0,3414216
N28828401,1.0,4142599
N28828501,1.0,3562842
N28829501,1.0,3866715
N28829601,1.0,3866698
N28830001,1.0,4092263
N28830601,1.0,4084085
N28900401,48.0,3169752
N28910801,48.0,3161637
N29005901,48.0,3286669
N29100401,20.0,3038048
N29110801,20.0,3037806
N29305901,20.0,3162073
N29419601,40.0,3080952
N29419701,40.0,3080945
N29505001,105.0,3191071
N29505002,120.0,3191077
N29505003,120.0,3178851
N29505004,82.0,4173096
N29505102,120.0,3191078
N29619601,300.0,3080968
N29619701,300.0,3080987
N29620201,211.0,4224323
N29625001,250.0,3614053
N29819601,50.0,3084357
N29819701,50.0,3084224
N30010801,24.0,4227047
N30019801,24.0,3951899
N30021101,24.0,4227224
N30023601,24.0,3701095
N30121701,24.0,3849963
N30210601,4.0,4125593
N30221801,4.0,4125545
N30320201,52.0,4078963
N30520201,211.0,4227729
N30620201,211.0,4224376
N30720801,86.0,4227625
N30820901,51.0,4078982
N30914701,211.0,4224372
N31003001,174.0,4227673
N31105901,211.0,4224418
N31203001,176.0,4229751
N31320901,211.0,4224429
N31801301,14.0,3866356
N31801302,14.0,3671855
N31801303,14.0,3346226
N31801304,14.0,3672119
N31802002,1.0,4172995
N31819801,14.0,3842048
N31819803,14.0,3841800
N31819804,14.0,3841756
N31822702,14.0,3610617
N31822703,14.0,3610658
N31822704,5.0,3718763
N31900101,1.0,3327643
N31900201,1.0,3324616
N32310601,100.0,3999035
N32310801,100.0,3999060
N32311501,100.0,3998939
N32500401,80.0,4046165
N32504801,80.0,4045600
N32504901,80.0,3865309
N32510801,80.0,3981939
N32520101,80.0,4177209
N32525601,80.0,4066501
N32525801,80.0,4042207
N32525901,80.0,4139482
N32600401,32.0,4252077
N32605801,32.0,4170021
N32605901,32.0,4245013
N32609401,32.0,4286607
N32610801,32.0,4256224
N32612001,32.0,4219415
N32626501,32.0,4223000
N32800101,150.0,3999102
N34008001,60.0,4194801
N34008002,60.0,4194701
N34008003,60.0,4194786
N34008004,60.0,4194791
N34020101,60.0,4193928
N34020102,60.0,4194708
N34020103,60.0,4194811
N34020104,60.0,4194687
N34208001,30.0,4193885
N34208002,30.0,4194641
N34208003,30.0,4193898
N34208004,30.0,4194733
N34608001,30.0,4194740
N34608002,30.0,4194556
N34608003,30.0,4194683
N34608004,30.0,4193878
N34608101,30.0,4194652
N34608102,30.0,4194644
N34608103,30.0,4193943
N34608104,30.0,4193934
N36516501,1069.0,4049774
N37118201,1.0,4172985
N37418201,27.0,4263842
N37418301,4.0,3984718
N39618201,50.0,4110417
PBGBW1118,80.0,3776371
PBGBW5050,9.0,3946708
PBTG1118,40.0,4011514
PBW1118,71.0,3772790
PBW5050,8.0,3182863
PKFF1118,48.0,2967116
PKFF160230,1.0,3074751
PKFF200300,1.0,3204000
PKFF250350,1.0,3126397
PKFF5050,36.0,4319343
PKMG1118,40.0,3141598
PKMG5050,5.0,3182827
PKSF1118,40.0,3078442
PKSF5050,12.0,3946749
PKSG1118,30.0,3362060
PLSIBR1118,40.0,3386801
PLSIBR75240,1.0,3182937
PLSINA1118,40.0,3385231
PLSINA5050,48.0,4313453
POS00003-019-1 SZ,15.0,556355
POS00004-019-1 SZ,1.0,1964099
POS00004-029-1 SZ,14.0,3987628
POS00004-186-1 SZ,22.0,2259086
POS00004-511-1 SZ,9.0,1939903
POS00005-019-1 SZ,15.0,2912866
POS00006-019-1 SZ,31.0,2913557
POS00009-019-1 SZ,14.0,3206343
POS00017-028-1 SZ,8.0,557017
POS00026-999-1 SZ,52.0,2804510
POS00030-019-1 SZ,1.0,1553778
POS00033-019-1 SZ,3.0,3268732
POS00035-019-1 SZ,56.0,3103126
POS00036-019-1 SZ,3.0,2684870
POS00037-019-1 SZ,3.0,2716212
POS00038-019-1 SZ,1.0,3302608
POS00039-019-1 SZ,3.0,3209153
POS00042-019-1 SZ,2.0,748286
POS00045-019-1 SZ,1.0,3618690
POS00045B-019-1 SZ,7.0,2222353
POS00046-019-1 SZ,2.0,2569006
POS00047-019-1 SZ,2.0,1905690
POS00047-029-1 SZ,1.0,3004821
POS00049-029-1 SZ,1.0,3005022
POS00050-029-1 SZ,42.0,3893800
POS00052-028-1 SZ,1.0,3825644
POS00053-028-1 SZ,1.0,2733767
POS00056-028-1 SZ,1.0,2724246
POS00057-028-1 SZ,1.0,2724265
POS00058-028-1 SZ,22.0,3984602
POS00062A-029-1 SZ,7.0,3893982
POS00063A-029-1 SZ,1.0,2767480
POS00063B-456-1 SZ,11.0,3503949
POS00064A-029-1 SZ,9.0,2767261
POS00066-456-1 SZ,42.0,3622643
POS00067-456-1 SZ,1.0,4221446
POS00068-456-1 SZ,6.0,2858033
POS00069-456-1 SZ,1.0,4151608
POS00070-456-1 SZ,4.0,2977436
POS00074A-456-1 SZ,8.0,3883551
POS00074B-456-1 SZ,9.0,2867529
POS00077A-029-1 SZ,1.0,4151585
POS00077B-029-1 SZ,5.0,3391439
POS00078-029-1 SZ,13.0,4091423
POS00080B-456-1 SZ,1.0,3247454
POS00081-029-1 SZ,5.0,3005676
POS00081B-456-1 SZ,1.0,3677525
POS00083-029-1 SZ,1.0,3005087
POS00084-029-1 SZ,10.0,3270688
PUBRSM1118,50.0,2968645
PUBRSM5050,11.0,3835685
PUPLSM1118,60.0,3183194
RETURN FLYERS,1.0,4281422
ROHIFE5050,20.0,3360725
ROHIFE75240,1.0,3182921
ROHIMA1118,180.0,3774738
ROHIME1118,60.0,2960379
ROHIME5050,30.0,4112781
ROHIME75240,16.0,2868310
ROHIPI1118,52.0,3141665
ROHIPI5050,25.0,4111702
ROHIPI75240,1.0,3185790
ROIRPE1118,52.0,2967969
ROIRPE5050,25.0,4203233
ROIRPE75240,20.0,2867041
ROIRRA1118,150.0,3773097
ROIRRA5050,11.0,3182866
ROIRRA75240,12.0,2868161
RORUAL1118,50.0,4295877
RORUAL5050,50.0,4295783
RORUAL75240,1.0,4296234
RORUAL80300,1.0,4295906
RORUHY1118,50.0,4295866
RORUHY5050,50.0,4308889
RORUHY75240,1.0,4296573
RORUHY80300,1.0,4295776
RORUSP1118,49.0,3635062
RORUSP75240,1.0,3182946
RORUSU1118,50.0,4011410
RORUSU75240,1.0,4315914
RORUSU80300,1.0,4316094
ROSEDO1118,80.0,4295917
ROSEDO5050,50.0,4295513
ROSEDO75240,1.0,4296467
ROSEDO80300,1.0,4295762
ROSESA1118,55.0,4295908
ROSESA5050,50.0,4295509
ROSESA75240,1.0,4296374
ROSESA80300,1.0,4295813
ROSOMG1118,50.0,4295875
ROSOMG5050,62.0,4317455
ROSOMG75240,1.0,4296424
ROSOMG80300,1.0,4295758
ROSOSB1118,50.0,4295871
ROSOSB5050,50.0,4295655
ROSOSB75240,1.0,4296346
ROSOSB80300,1.0,4295773
SCABIR1118,40.0,4011606
SCABIR5050,30.0,4313463
SCACLO1118,100.0,3776184
SCACLO5050,30.0,4295528
SCAJUBU5050,51.0,4111590
SCAJUBU75240,1.0,4315857
SCAJUDG180270,1.0,3449505
SCAJUDG5050,64.0,4111348
SCAJUDG75240,1.0,4315837
SCAJUMB5050,50.0,4111387
SCAJUMB75240,1.0,3448838
SCALAK1118,30.0,2967077
SCALAK5050,10.0,4112724
SCALBW1118,50.0,2967471
SCALBW5050,30.0,4112681
SCALPL1118,40.0,4011709
SCALPL180270,1.0,2945449
SCALPL5050,10.0,4112838
SCALRO1118,62.0,3774073
SCALRO5050,30.0,3349426
SCALSB1118,110.0,3775295
SCALSB200300,1.0,4111837
SCALSB5050,32.0,4295514
SCALWP5050,10.0,3182850
SD002DO01,4.0,2629410
SD002DO02,10.0,2629439
SHBW5050,25.0,4313464
SHCH180270,1.0,3899078
SHCH250350,1.0,3902303
SHCH300400,1.0,3902130
SHEDAM5050,25.0,4111380
SHEDED5050,30.0,4295384
SHEDRO5050,30.0,4112678
SHELL1118,40.0,4011535
SHELL5050,30.0,4112671
SHFAVOW70100,1.0,4137099
SHFP1118,40.0,3183035
SHFP5050,11.0,3182867
SHJOB1118,40.0,3078445
SHJOS1118,40.0,3079983
SHLILBL1118,40.0,3635191
SHLILM1118,40.0,3078424
SHLILM250350,1.0,2946531
SHLILR1118,40.0,2967258
SHLILR300400,1.0,2704777
SHMM1118,150.0,2990097
SHMM180270,1.0,3901019
SHMM200300,1.0,3902047
SHMM250350,1.0,3899783
SHMM300400,1.0,3337662
SHOM1118,160.0,4109105
SHOM140200,1.0,4119777
SHOM180270,1.0,4117223
SHOM200300,1.0,4272849
SHOM250350,1.0,4274166
SHOM300400,1.0,4274543
SHOW1118,196.0,2990120
SHOW140200,1.0,2978547
SHOW180270,1.0,4117252
SHOW200300,1.0,4117381
SHOW250350,1.0,2981185
SHOW300400,1.0,3898568
SHRESOM180270,1.0,2981378
SHRESOM235350,1.0,2889947
SHRESOW180270,1.0,2979556
SHRESOW235350,1.0,3905367
SS22POA501,10.0,3747251
STIBERGR5050,30.0,4295587
STIGUNBW5050,30.0,4111383
STITRRE1118,83.0,3771705
TKBOCO1118,160.0,3775519
TKBOCO5050,24.0,3197867
TKBOGR1118,200.0,3773389
TKBOGR5050,6.0,3452387
TKBOKYE1118,120.0,3776469
TKBOKYE5050,28.0,4317435
TKCRYSPEC1118,80.0,3773753
TKCRYSPEC5050,24.0,3946078
TKDISAN1118,50.0,3389544
TKDISAN5050,25.0,4295667
TKDISKY1118,50.0,3389488
TKDISKY5050,25.0,4319338
TKFEBU1118,50.0,3448483
TKFEBU5050,30.0,4295666
TKFEOL1118,50.0,3448255
TKFEOL5050,30.0,4295663
TKFRCB1118,100.0,3773181
TKFRCB5050,25.0,4295512
TKFRMB1118,58.0,3773641
TKFRMB5050,24.0,4295519
TKFRPC1118,150.0,3776078
TKFRPC5050,25.0,4317425
TKLACO1118,50.0,3389478
TKLAMB1118,50.0,3389558
TKLAMB5050,25.0,4317453
TRIPP1118,60.0,3775813
TRIPP5050,25.0,3389676
TRUSTTRACE1118,40.0,3192959
TRUSTTRACE5050,30.0,4111360
TRUSTTRACEG1118,36.0,3078583
TRUSTTRACEG5050,25.0,4313462
TTDMBL6090,25.0,4195031
WALTODB1118,40.0,4011480
WALTODB5050,25.0,4295401
WBASSOC1118,40.0,4111463
WBYZGNP1118,50.0,3140985
WBYZGNP300400,1.0,3182665
WBYZGNP5050,25.0,4317507
WCHBL5050,42.0,4111377
WCHBU250350,1.0,3121991
WCHCB1118,40.0,2960251
WCHCB5050,42.0,4111399
WCHGR1118,48.0,3078519
WCHGR5050,42.0,4112670
WCHHY1118,44.0,3078672
WCHHY5050,42.0,4112685
WCHWI1118,40.0,4011543
WCHWI5050,35.0,4111371
WNAMBW1118,52.0,3141582
WNAMBW250350,1.0,2865550
WNAMBW5050,25.0,4317497
WPLBC200300,1.0,3126832
WPLBC5050,16.0,3360747
WPLBF1118,40.0,3362148
WPLBF5050,27.0,3634773
WPLBW1118,40.0,3141255
WPLBW5050,25.0,4010827
WPLCA1118,50.0,3946996
WPLCA5050,11.0,3452424
WPLCB1118,50.0,4295910
WPLCB5050,25.0,4295665
WPLCI1118,54.0,3141007
WPLCI5050,24.0,3389674
WPLCO5050,30.0,4295601
WPLDB1118,40.0,3149910
WPLDB5050,30.0,4112680
WPLGU1118,50.0,4295861
WPLOC1118,40.0,4011691
WPLOC250350,1.0,2946530
WPLOC5050,36.0,4011019
WPLOL1118,50.0,4295859
WPLOL5050,25.0,4295670
WPLOM250350,1.0,2948678
WPLOM5050,29.0,4011038
WPLPO1118,50.0,4295862
WPLPO5050,23.0,3389719
WPLSA5050,30.0,4111372
WPLSY1118,50.0,3946957
WPLSY5050,25.0,3946094
WSTRPI5050,25.0,4295531
WSWEOM1118,50.0,3946970
WSWEOM250350,1.0,3126403
WSWEOW1118,50.0,3946982
WSWEOW5050,24.0,4310064
circularlom1118,50.0,4295914
